Workbook

Sheet FSC
B2: CW | C2: 46023 | D2: 46054 | E2: 46082 | F2: 46113 | G2: 46143 | H2: 46174 | I2: 46204 | J2: 46235 | K2: 46266 | L2: 46296 | M2: 46327 | N2: 46357 | O2: TOTAL | Q2: CW | R2: 46023 | S2: 46054 | T2: 46082 | U2: 46113 | V2: 46143 | W2: 46174 | X2: 46204 | Y2: 46235 | Z2: 46266 | AA2: 46296 | AB2: 46327 | AC2: 46357 | AD2: 46023 | AE2: TOTAL
B3: Print | C3: 0 | D3: 0 | E3: 0 | F3: 0 | G3: 0 | H3: 0 | I3: 0 | J3: 0 | K3: 0 | L3: 0 | M3: 0 | N3: 0 | O3: =SUM(C3:N3) -> 0 | Q3: Print | R3: 0 | S3: 0 | T3: 0 | U3: 0 | V3: 0 | W3: 0 | X3: 0 | Y3: 0 | Z3: 0 | AA3: 0 | AB3: 0 | AC3: 0 | AE3: =SUM(R3:AC3) -> 0
B6: CW | C6: 46023 | D6: 46054 | E6: 46082 | F6: 46113 | G6: 46143 | H6: 46174 | I6: 46204 | J6: 46235 | K6: 46266 | L6: 46296 | M6: 46327 | N6: 46357 | O6: TOTAL | Q6: CW | R6: 46023 | S6: 46054 | T6: 46082 | U6: 46113 | V6: 46143 | W6: 46174 | X6: 46204 | Y6: 46235 | Z6: 46266 | AA6: 46296 | AB6: 46327 | AC6: 46357 | AD6: 46023 | AE6: TOTAL
B7: IP | C7: 0 | D7: 0 | E7: 0 | F7: 0 | G7: 0 | H7: 0 | I7: 0 | J7: 0 | K7: 0 | L7: 0 | M7: 0 | N7: 0 | O7: =SUM(C7:N7) -> 0 | Q7: IP | R7: =C7/0.06 -> 0 | S7: =D7/0.06 -> 0 | T7: =E7/0.06 -> 0 | U7: =F7/0.06 -> 0 | V7: =G7/0.06 -> 0 | W7: =H7/0.06 -> 0 | X7: =I7/0.06 -> 0 | Y7: =J7/0.06 -> 0 | ... AC7: =N7/0.06 -> 0 | AE7: =SUM(R7:AC7) -> 0
B10: FSC MISTO | C10: 46023 | D10: 46054 | E10: 46082 | F10: 46113 | G10: 46143 | H10: 46174 | I10: 46204 | J10: 46235 | K10: 46266 | L10: 46296 | M10: 46327 | N10: 46357 | O10: TOTAL | Q10: MISTO | R10: 46023 | S10: 46054 | T10: 46082 | U10: 46113 | V10: 46143 | W10: 46174 | X10: 46204 | Y10: 46235 | Z10: 46266 | AA10: 46296 | AB10: 46327 | AC10: 46357 | AD10: 46023 | AE10: TOTAL
B11: Print | C11: =SUMIF(Reunido!$BQ:$BQ,$B$11,Reunido!E:E) -> 267059 | D11: =SUMIF(Reunido!$BQ:$BQ,$B$11,Reunido!J:J) -> 88509 | E11: =SUMIF(Reunido!$BQ:$BQ,$B$11,Reunido!O:O) -> 584966 | F11: =SUMIF(Reunido!$BQ:$BQ,$B$11,Reunido!T:T) -> 720393 | G11: =SUMIF(Reunido!$BQ:$BQ,$B$11,Reunido!Y:Y) -> 373064 | H11: =SUMIF(Reunido!$BQ:$BQ,$B$11,Reunido!AD:AD) -> 626051 | I11: =SUMIF(Reunido!$BQ:$BQ,$B$11,Reunido!AI:AI) -> 0 | J11: =SUMIF(Reunido!$BQ:$BQ,$B$11,Reunido!AN:AN) -> 0 | K11: =SUMIF(Reunido!$BQ:$BQ,$B$11,Reunido!AS:AS) -> 0 | L11: =SUMIF(Reunido!$BQ:$BQ,$B$11,Reunido!AX:AX) -> 0 | M11: =SUMIF(Reunido!$BQ:$BQ,$B$11,Reunido!BH:BH) -> 0 | N11: =SUMIF(Reunido!$BQ:$BQ,$B$11,Reunido!BH:BH) -> 0 | O11: =SUM(C11:N11) -> 2660042 | Q11: Print | R11: =C11/0.068 -> 3927338.2 | S11: =D11/0.068 -> 1301602.9 | T11: =E11/0.068 -> 8602441.2 | U11: =F11/0.068 -> 10594015 | V11: =G11/0.068 -> 5486235.3 | W11: =H11/0.068 -> 9206632.4 | X11: =I11/0.068 -> 0 | Y11: =J11/0.068 -> 0 | ... AC11: =N11/0.068 -> 0 | AD11: 0 | AE11: =SUM(R11:AC11) -> 39118265
B14: FSC MISTO | C14: 46023 | D14: 46054 | E14: 46082 | F14: 46113 | G14: 46143 | H14: 46174 | I14: 46204 | J14: 46235 | K14: 46266 | L14: 46296 | M14: 46327 | N14: 46357 | O14: TOTAL | Q14: MISTO | R14: 46023 | S14: 46054 | T14: 46082 | U14: 46113 | V14: 46143 | W14: 46174 | X14: 46204 | Y14: 46235 | Z14: 46266 | AA14: 46296 | AB14: 46327 | AC14: 46357 | AD14: 46023 | AE14: TOTAL
B15: FF | C15: =SUMIF(Reunido!$BQ:$BQ,$B$15,Reunido!E:E) -> 118340 | D15: =SUMIF(Reunido!$BQ:$BQ,$B$15,Reunido!J:J) -> 45411 | E15: =SUMIF(Reunido!$BQ:$BQ,$B$15,Reunido!O:O) -> 144702 | F15: =SUMIF(Reunido!$BQ:$BQ,$B$15,Reunido!T:T) -> 216929 | G15: =SUMIF(Reunido!$BQ:$BQ,$B$15,Reunido!Y:Y) -> 63804 | H15: =SUMIF(Reunido!$BQ:$BQ,$B$15,Reunido!AD:AD) -> 98927 | I15: =SUMIF(Reunido!$BQ:$BQ,$B$15,Reunido!AI:AI) -> 0 | J15: =SUMIF(Reunido!$BQ:$BQ,$B$15,Reunido!AN:AN) -> 0 | K15: =SUMIF(Reunido!$BQ:$BQ,$B$15,Reunido!AS:AS) -> 0 | L15: =SUMIF(Reunido!$BQ:$BQ,$B$15,Reunido!AX:AX) -> 0 | M15: =SUMIF(Reunido!$BQ:$BQ,$B$15,Reunido!BC:BC) -> 0 | N15: =SUMIF(Reunido!$BQ:$BQ,$B$15,Reunido!BH:BH) -> 0 | O15: =SUM(C15:N15) -> 688113 | Q15: FF | R15: =SUMIFS('PAPER BASE'!$G:$G, 'PAPER BASE'!$B:$B, "*MLTV01*", 'PAPER BASE'!$C:$C, "Finish Foils", 'PAPER BASE'!$I:$I, R14)/ 0.04+SUMIFS('PAPER BASE'!$G:$G, 'PAPER BASE'!$B:$B, "*MUNK04*", 'PAPER BASE'!$C:$C, "Finish Foils", 'PAPER BASE'!$I:$I, R14)/ 0.07+SUMIFS('PAPER BASE'!$G:$G, 'PAPER BASE'!$B:$B, "*KING01*", 'PAPER BASE'!$C:$C, "Finish Foils", 'PAPER BASE'!$I:$I, R14)/ 0.07 -> 2454992.9 | S15: =SUMIFS('PAPER BASE'!$G:$G, 'PAPER BASE'!$B:$B, "*MLTV01*", 'PAPER BASE'!$C:$C, "Finish Foils", 'PAPER BASE'!$I:$I, S14)/ 0.04+SUMIFS('PAPER BASE'!$G:$G, 'PAPER BASE'!$B:$B, "*MUNK04*", 'PAPER BASE'!$C:$C, "Finish Foils", 'PAPER BASE'!$I:$I, S14)/ 0.07+SUMIFS('PAPER BASE'!$G:$G, 'PAPER BASE'!$B:$B, "*KING01*", 'PAPER BASE'!$C:$C, "Finish Foils", 'PAPER BASE'!$I:$I, S14)/ 0.07 -> 1135275 | T15: =SUMIFS('PAPER BASE'!$G:$G, 'PAPER BASE'!$B:$B, "*MLTV01*", 'PAPER BASE'!$C:$C, "Finish Foils", 'PAPER BASE'!$I:$I, T14)/ 0.04+SUMIFS('PAPER BASE'!$G:$G, 'PAPER BASE'!$B:$B, "*MUNK04*", 'PAPER BASE'!$C:$C, "Finish Foils", 'PAPER BASE'!$I:$I, T14)/ 0.07+SUMIFS('PAPER BASE'!$G:$G, 'PAPER BASE'!$B:$B, "*KING01*", 'PAPER BASE'!$C:$C, "Finish Foils", 'PAPER BASE'!$I:$I, T14)/ 0.07 -> 3098914.3 | U15: =SUMIFS('PAPER BASE'!$G:$G, 'PAPER BASE'!$B:$B, "*MLTV01*", 'PAPER BASE'!$C:$C, "Finish Foils", 'PAPER BASE'!$I:$I, U14)/ 0.04+SUMIFS('PAPER BASE'!$G:$G, 'PAPER BASE'!$B:$B, "*MUNK04*", 'PAPER BASE'!$C:$C, "Finish Foils", 'PAPER BASE'!$I:$I, U14)/ 0.07+SUMIFS('PAPER BASE'!$G:$G, 'PAPER BASE'!$B:$B, "*KING01*", 'PAPER BASE'!$C:$C, "Finish Foils", 'PAPER BASE'!$I:$I, U14)/ 0.07 -> 3856110.7 | V15: =SUMIFS('PAPER BASE'!$G:$G, 'PAPER BASE'!$B:$B, "*MLTV01*", 'PAPER BASE'!$C:$C, "Finish Foils", 'PAPER BASE'!$I:$I, V14)/ 0.04+SUMIFS('PAPER BASE'!$G:$G, 'PAPER BASE'!$B:$B, "*MUNK04*", 'PAPER BASE'!$C:$C, "Finish Foils", 'PAPER BASE'!$I:$I, V14)/ 0.07+SUMIFS('PAPER BASE'!$G:$G, 'PAPER BASE'!$B:$B, "*KING01*", 'PAPER BASE'!$C:$C, "Finish Foils", 'PAPER BASE'!$I:$I, V14)/ 0.07 -> 2153121.4 | W15: =SUMIFS('PAPER BASE'!$G:$G, 'PAPER BASE'!$B:$B, "*MLTV01*", 'PAPER BASE'!$C:$C, "Finish Foils", 'PAPER BASE'!$I:$I, W14)/ 0.04+SUMIFS('PAPER BASE'!$G:$G, 'PAPER BASE'!$B:$B, "*MUNK04*", 'PAPER BASE'!$C:$C, "Finish Foils", 'PAPER BASE'!$I:$I, W14)/ 0.07+SUMIFS('PAPER BASE'!$G:$G, 'PAPER BASE'!$B:$B, "*KING01*", 'PAPER BASE'!$C:$C, "Finish Foils", 'PAPER BASE'!$I:$I, W14)/ 0.07 -> 1672539.3 | X15: =SUMIFS('PAPER BASE'!$G:$G, 'PAPER BASE'!$B:$B, "*MLTV01*", 'PAPER BASE'!$C:$C, "Finish Foils", 'PAPER BASE'!$I:$I, X14)/ 0.04+SUMIFS('PAPER BASE'!$G:$G, 'PAPER BASE'!$B:$B, "*MUNK04*", 'PAPER BASE'!$C:$C, "Finish Foils", 'PAPER BASE'!$I:$I, X14)/ 0.07+SUMIFS('PAPER BASE'!$G:$G, 'PAPER BASE'!$B:$B, "*KING01*", 'PAPER BASE'!$C:$C, "Finish Foils", 'PAPER BASE'!$I:$I, X14)/ 0.07 -> 0 | Y15: =SUMIFS('PAPER BASE'!$G:$G, 'PAPER BASE'!$B:$B, "*MLTV01*", 'PAPER BASE'!$C:$C, "Finish Foils", 'PAPER BASE'!$I:$I, Y14)/ 0.04+SUMIFS('PAPER BASE'!$G:$G, 'PAPER BASE'!$B:$B, "*MUNK04*", 'PAPER BASE'!$C:$C, "Finish Foils", 'PAPER BASE'!$I:$I, Y14)/ 0.07+SUMIFS('PAPER BASE'!$G:$G, 'PAPER BASE'!$B:$B, "*KING01*", 'PAPER BASE'!$C:$C, "Finish Foils", 'PAPER BASE'!$I:$I, Y14)/ 0.07 -> 0 | ... AC15: =SUMIFS('PAPER BASE'!$G:$G, 'PAPER BASE'!$B:$B, "*MLTV01*", 'PAPER BASE'!$C:$C, "Finish Foils", 'PAPER BASE'!$I:$I, AC14)/ 0.04+SUMIFS('PAPER BASE'!$G:$G, 'PAPER BASE'!$B:$B, "*MUNK04*", 'PAPER BASE'!$C:$C, "Finish Foils", 'PAPER BASE'!$I:$I, AC14)/ 0.07+SUMIFS('PAPER BASE'!$G:$G, 'PAPER BASE'!$B:$B, "*KING01*", 'PAPER BASE'!$C:$C, "Finish Foils", 'PAPER BASE'!$I:$I, AC14)/ 0.07 -> 0 | AD15: 0 | AE15: =SUM(R15:AC15) -> 14370954
B18: FSC MISTO | C18: 46023 | D18: 46054 | E18: 46082 | F18: 46113 | G18: 46143 | H18: 46174 | I18: 46204 | J18: 46235 | K18: 46266 | L18: 46296 | M18: 46327 | N18: 46357 | O18: TOTAL | Q18: FSC MISTO | R18: 46023 | S18: 46054 | T18: 46082 | U18: 46113 | V18: 46143 | W18: 46174 | X18: 46204 | Y18: 46235 | Z18: 46266 | AA18: 46296 | AB18: 46327 | AC18: 46357 | AD18: 46023 | AE18: TOTAL
B19: IP | C19: =SUMIF(Reunido!$BQ:$BQ,$B$19,Reunido!E:E) -> 77515 | D19: =SUMIF(Reunido!$BQ:$BQ,$B$19,Reunido!J:J) -> 260289 | E19: =SUMIF(Reunido!$BQ:$BQ,$B$19,Reunido!O:O) -> 380338 | F19: =SUMIF(Reunido!$BQ:$BQ,$B$19,Reunido!T:T) -> 211316 | G19: =SUMIF(Reunido!$BQ:$BQ,$B$19,Reunido!Y:Y) -> 335919 | H19: =SUMIF(Reunido!$BQ:$BQ,$B$19,Reunido!AD:AD) -> 90455 | I19: =SUMIF(Reunido!$BQ:$BQ,$B$19,Reunido!AI:AI) -> 0 | J19: =SUMIF(Reunido!$BQ:$BQ,$B$19,Reunido!AN:AN) -> 0 | K19: =SUMIF(Reunido!$BQ:$BQ,$B$19,Reunido!AS:AS) -> 0 | L19: =SUMIF(Reunido!$BQ:$BQ,$B$19,Reunido!AX:AX) -> 0 | M19: =SUMIF(Reunido!$BQ:$BQ,$B$19,Reunido!BC:BC) -> 0 | N19: =SUMIF(Reunido!$BQ:$BQ,$B$19,Reunido!BH:BH) -> 0 | O19: =SUM(C19:N19) -> 1355832 | Q19: IP | R19: =C19/0.08 -> 968937.5 | S19: =D19/0.08 -> 3253612.5 | T19: =E19/0.08 -> 4754225 | U19: =F19/0.08 -> 2641450 | V19: =G19/0.08 -> 4198987.5 | W19: =H19/0.08 -> 1130687.5 | X19: =I19/0.08 -> 0 | Y19: =J19/0.08 -> 0 | ... AC19: =N19/0.08 -> 0 | AE19: =SUM(R19:AC19) -> 16947900
B22: KG | C22: 46023 | D22: 46054 | E22: 46082 | F22: 46113 | G22: 46143 | H22: 46174 | I22: 46204 | J22: 46235 | K22: 46266 | L22: 46296 | M22: 46327 | N22: 46357 | O22: TOTAL | R22: 46023 | S22: 46054 | T22: 46082 | U22: 46113 | V22: 46143 | W22: 46174 | X22: 46204 | Y22: 46235 | Z22: 46266 | AA22: 46296 | AB22: 46327 | AC22: 46357 | AD22: janeiro | AE22: TOTAL
B23: Print | C23: =SUMIF($B$2:$B$21,$B23,C$2:C$21) -> 267059 | D23: =SUMIF($B$2:$B$21,$B23,D$2:D$21) -> 88509 | E23: =SUMIF($B$2:$B$21,$B23,E$2:E$21) -> 584966 | F23: =SUMIF($B$2:$B$21,$B23,F$2:F$21) -> 720393 | G23: =SUMIF($B$2:$B$21,$B23,G$2:G$21) -> 373064 | H23: =SUMIF($B$2:$B$21,$B23,H$2:H$21) -> 626051 | I23: =SUMIF($B$2:$B$21,$B23,I$2:I$21) -> 0 | J23: =SUMIF($B$2:$B$21,$B23,J$2:J$21) -> 0 | ... N23: =SUMIF($B$2:$B$21,$B23,N$2:N$21) -> 0 | O23: =SUM(C23:N23) -> 2660042 | Q23: Print | R23: =SUMIF($B$2:$B$21,$B23,R$2:R$21) -> 3927338.2 | S23: =SUMIF($B$2:$B$21,$B23,S$2:S$21) -> 1301602.9 | T23: =SUMIF($B$2:$B$21,$B23,T$2:T$21) -> 8602441.2 | U23: =SUMIF($B$2:$B$21,$B23,U$2:U$21) -> 10594015 | V23: =SUMIF($B$2:$B$21,$B23,V$2:V$21) -> 5486235.3 | W23: =SUMIF($B$2:$B$21,$B23,W$2:W$21) -> 9206632.4 | X23: =SUMIF($B$2:$B$21,$B23,X$2:X$21) -> 0 | Y23: =SUMIF($B$2:$B$21,$B23,Y$2:Y$21) -> 0 | ... AC23: =SUMIF($B$2:$B$21,$B23,AC$2:AC$21) -> 0 | AE23: =SUM(R23:AC23) -> 39118265
B24: FF | C24: =SUMIF($B$2:$B$21,$B24,C$2:C$21) -> 118340 | D24: =SUMIF($B$2:$B$21,$B24,D$2:D$21) -> 45411 | E24: =SUMIF($B$2:$B$21,$B24,E$2:E$21) -> 144702 | F24: =SUMIF($B$2:$B$21,$B24,F$2:F$21) -> 216929 | G24: =SUMIF($B$2:$B$21,$B24,G$2:G$21) -> 63804 | H24: =SUMIF($B$2:$B$21,$B24,H$2:H$21) -> 98927 | I24: =SUMIF($B$2:$B$21,$B24,I$2:I$21) -> 0 | J24: =SUMIF($B$2:$B$21,$B24,J$2:J$21) -> 0 | ... N24: =SUMIF($B$2:$B$21,$B24,N$2:N$21) -> 0 | O24: =SUM(C24:N24) -> 688113 | Q24: FF | R24: =SUMIF($B$2:$B$21,$B24,R$2:R$21) -> 2454992.9 | S24: =SUMIF($B$2:$B$21,$B24,S$2:S$21) -> 1135275 | T24: =SUMIF($B$2:$B$21,$B24,T$2:T$21) -> 3098914.3 | U24: =SUMIF($B$2:$B$21,$B24,U$2:U$21) -> 3856110.7 | V24: =SUMIF($B$2:$B$21,$B24,V$2:V$21) -> 2153121.4 | W24: =SUMIF($B$2:$B$21,$B24,W$2:W$21) -> 1672539.3 | X24: =SUMIF($B$2:$B$21,$B24,X$2:X$21) -> 0 | Y24: =SUMIF($B$2:$B$21,$B24,Y$2:Y$21) -> 0 | ... AC24: =SUMIF($B$2:$B$21,$B24,AC$2:AC$21) -> 0 | AE24: =SUM(R24:AC24) -> 14370954
B25: IP | C25: =SUMIF($B$2:$B$21,$B25,C$2:C$21) -> 77515 | D25: =SUMIF($B$2:$B$21,$B25,D$2:D$21) -> 260289 | E25: =SUMIF($B$2:$B$21,$B25,E$2:E$21) -> 380338 | F25: =SUMIF($B$2:$B$21,$B25,F$2:F$21) -> 211316 | G25: =SUMIF($B$2:$B$21,$B25,G$2:G$21) -> 335919 | H25: =SUMIF($B$2:$B$21,$B25,H$2:H$21) -> 90455 | I25: =SUMIF($B$2:$B$21,$B25,I$2:I$21) -> 0 | J25: =SUMIF($B$2:$B$21,$B25,J$2:J$21) -> 0 | ... N25: =SUMIF($B$2:$B$21,$B25,N$2:N$21) -> 0 | O25: =SUM(C25:N25) -> 1355832 | Q25: IP | R25: =SUMIF($B$2:$B$21,$B25,R$2:R$21) -> 968937.5 | S25: =SUMIF($B$2:$B$21,$B25,S$2:S$21) -> 3253612.5 | T25: =SUMIF($B$2:$B$21,$B25,T$2:T$21) -> 4754225 | U25: =SUMIF($B$2:$B$21,$B25,U$2:U$21) -> 2641450 | V25: =SUMIF($B$2:$B$21,$B25,V$2:V$21) -> 4198987.5 | W25: =SUMIF($B$2:$B$21,$B25,W$2:W$21) -> 1130687.5 | X25: =SUMIF($B$2:$B$21,$B25,X$2:X$21) -> 0 | Y25: =SUMIF($B$2:$B$21,$B25,Y$2:Y$21) -> 0 | ... AC25: =SUMIF($B$2:$B$21,$B25,AC$2:AC$21) -> 0 | AE25: =SUM(R25:AC25) -> 16947900
B26: Total | C26: =SUM(C23:C25) -> 462914 | D26: =SUM(D23:D25) -> 394209 | E26: =SUM(E23:E25) -> 1110006 | F26: =SUM(F23:F25) -> 1148638 | G26: =SUM(G23:G25) -> 772787 | H26: =SUM(H23:H25) -> 815433 | I26: =SUM(I23:I25) -> 0 | J26: =SUM(J23:J25) -> 0 | ... N26: =SUM(N23:N25) -> 0 | O26: =SUM(C26:N26) -> 4703987 | Q26: Total | R26: =SUM(R23:R25) -> 7351268.6 | S26: =SUM(S23:S25) -> 5690490.4 | T26: =SUM(T23:T25) -> 16455580 | U26: =SUM(U23:U25) -> 17091575 | V26: =SUM(V23:V25) -> 11838344 | W26: =SUM(W23:W25) -> 12009859 | X26: =SUM(X23:X25) -> 0 | Y26: =SUM(Y23:Y25) -> 0 | ... AC26: =SUM(AC23:AC25) -> 0 | AE26: =SUM(R26:AC26) -> 70437118
B29: EUR | C29: 46023 | D29: 46054 | E29: 46082 | F29: 46113 | G29: 46143 | H29: 46174 | I29: 46204 | J29: 46235 | K29: 46266 | L29: 46296 | M29: 46327 | N29: 46357 | O29: TOTAL
B30: Print | C30: =SUMIF(Reunido!$BQ:$BQ,$B$30,Reunido!I:I) -> 677284.35 | D30: =SUMIF(Reunido!$BQ:$BQ,$B$30,Reunido!N:N) -> 200932.68 | E30: =SUMIF(Reunido!$BQ:$BQ,$B$30,Reunido!S:S) -> 1380174.9 | F30: =SUMIF(Reunido!$BQ:$BQ,$B$30,Reunido!X:X) -> 1571733.6 | G30: =SUMIF(Reunido!$BQ:$BQ,$B$30,Reunido!AC:AC) -> 825671.79 | H30: =SUMIF(Reunido!$BQ:$BQ,$B$30,Reunido!AH:AH) -> 1310742 | I30: =SUMIF(Reunido!$BQ:$BQ,$B$30,Reunido!AM:AM) -> 0 | J30: =SUMIF(Reunido!$BQ:$BQ,$B$30,Reunido!AR:AR) -> 0 | K30: =SUMIF(Reunido!$BQ:$BQ,$B$30,Reunido!AW:AW) -> 0 | L30: =SUMIF(Reunido!$BQ:$BQ,$B$30,Reunido!BB:BB) -> 0 | M30: =SUMIF(Reunido!$BQ:$BQ,$B$30,Reunido!BG:BG) -> 0 | N30: =SUMIF(Reunido!$BQ:$BQ,$B$30,Reunido!BL:BL) -> 0 | O30: =SUM(C30:N30) -> 5966539.3
B31: FF | C31: =SUMIF(Reunido!$BQ:$BQ,$B$31,Reunido!I:I) -> 328978.9 | D31: =SUMIF(Reunido!$BQ:$BQ,$B$31,Reunido!N:N) -> 96038.662 | E31: =SUMIF(Reunido!$BQ:$BQ,$B$31,Reunido!S:S) -> 483670.07 | F31: =SUMIF(Reunido!$BQ:$BQ,$B$31,Reunido!X:X) -> 641229.88 | G31: =SUMIF(Reunido!$BQ:$BQ,$B$31,Reunido!AC:AC) -> 174657.6 | H31: =SUMIF(Reunido!$BQ:$BQ,$B$31,Reunido!AH:AH) -> 292167.37 | I31: =SUMIF(Reunido!$BQ:$BQ,$B$31,Reunido!AM:AM) -> 0 | J31: =SUMIF(Reunido!$BQ:$BQ,$B$31,Reunido!AR:AR) -> 0 | K31: =SUMIF(Reunido!$BQ:$BQ,$B$31,Reunido!AW:AW) -> 0 | L31: =SUMIF(Reunido!$BQ:$BQ,$B$31,Reunido!BB:BB) -> 0 | M31: =SUMIF(Reunido!$BQ:$BQ,$B$31,Reunido!BG:BG) -> 0 | N31: =SUMIF(Reunido!$BQ:$BQ,$B$31,Reunido!BL:BL) -> 0 | O31: =SUM(C31:N31) -> 2016742.5
B32: IP | C32: =SUMIF(Reunido!$BQ:$BQ,$B$32,Reunido!I:I) -> 190228.06 | D32: =SUMIF(Reunido!$BQ:$BQ,$B$32,Reunido!N:N) -> 596985.73 | E32: =SUMIF(Reunido!$BQ:$BQ,$B$32,Reunido!S:S) -> 734675.18 | F32: =SUMIF(Reunido!$BQ:$BQ,$B$32,Reunido!X:X) -> 479432.74 | G32: =SUMIF(Reunido!$BQ:$BQ,$B$32,Reunido!AC:AC) -> 701045.18 | H32: =SUMIF(Reunido!$BQ:$BQ,$B$32,Reunido!AH:AH) -> 215392.85 | I32: =SUMIF(Reunido!$BQ:$BQ,$B$32,Reunido!AM:AM) -> 0 | J32: =SUMIF(Reunido!$BQ:$BQ,$B$32,Reunido!AR:AR) -> 0 | K32: =SUMIF(Reunido!$BQ:$BQ,$B$32,Reunido!AW:AW) -> 0 | L32: =SUMIF(Reunido!$BQ:$BQ,$B$32,Reunido!BB:BB) -> 0 | M32: =SUMIF(Reunido!$BQ:$BQ,$B$32,Reunido!BG:BG) -> 0 | N32: =SUMIF(Reunido!$BQ:$BQ,$B$32,Reunido!BL:BL) -> 0 | O32: =SUM(C32:N32) -> 2917759.7
B33: Total | C33: =SUM(C30:C32) -> 1196491.3 | D33: =SUM(D30:D32) -> 893957.07 | E33: =SUM(E30:E32) -> 2598520.1 | F33: =SUM(F30:F32) -> 2692396.2 | G33: =SUM(G30:G32) -> 1701374.6 | H33: =SUM(H30:H32) -> 1818302.2 | I33: =SUM(I30:I32) -> 0 | J33: =SUM(J30:J32) -> 0 | ... N33: =SUM(N30:N32) -> 0 | O33: =SUM(C33:N33) -> 10901041

Sheet Annual Sum
A3: Rótulos de Linha | B3: Soma de Kg13 | C3: Soma de R$13 | D3: Soma de EUR13
A4: CART01 / CARTIERE DI GUARCINO S.P.A. / ITA | B4: 22889 | C4: 339661.7 | D4: 57586.134
A5: HUAW01 / HANGZHOU HUAWANG NEW MATERIAL TECHNOLOGY CO. | B5: 576526 | C5: 6680439.3 | D5: 1128864
A6: KING01 / KINGDECOR (ZHEJIANG) CO., LTD | B6: 152693 | C6: 2277252.7 | D6: 386361.36
A7: KOEH02 / KOEHLER PAPER SE / DEU | B7: 362603 | C7: 4428273.1 | D7: 735586.26
A8: MALT01 / MALTA-DECOR SP. Z O. O. / POL | B8: 61316 | C8: 950499.45 | D8: 157261.01
A9: MLTV01 / VF PAPEIS S.A. / BRA | B9: 323326 | C9: 6040408.9 | D9: 1000843.7
A10: MUNK01 / MUNKSJO UNTERKOCHEN GMBH / DEU | B10: 36262 | C10: 471842.96 | D10: 81092.32
A11: MUNK04 / MUNKSJO PAPER S/A DETTINGEN / DEU | B11: 264326 | C11: 4365687.8 | D11: 729072.64
A12: MUNK07 / MUNKSJO TOLOSA S.A.U. / ESP | B12: 246629 | C12: 2710657.1 | D12: 452902.24
A13: MUNK09 / MUNKSJO CAIEIRAS LTDA / BRA | B13: 602089 | C13: 11082303 | D13: 1847292.2
A14: SUNS01 / CENTURY SUNSHINE (SHOUGUANG) SPECIALTY PAPER CO., LTD. | B14: 1683253 | C14: 19547429 | D14: 3278384.5
A15: TECH01 / Felix Schoeller GmbH & Co. / DEU | B15: 347282 | C15: 5945703.2 | D15: 983589.56
... A17: Total Geral | B17: 4703987 | C17: 65207227 | D17: 10901041

Sheet Reunido
A1: IMPRESS DECOR BRASIL - MONTHLY BASE PAPER PURCHASE 2026 | E1: JANUARY | I1: 6.2763 | J1: FEBRUARY | N1: 6.2217 | O1: MARCH | S1: 6.0461667 | T1: APRIL | X1: 5.890025 | Y1: MAY | AC1: 5.81859 | AD1: JUNE | AH1: 5.900881 | AI1: JULY | AM1: 0 | AN1: AUGUST | AR1: 0 | AS1: SEPTEMBER | AW1: 0 | AX1: OCTOBER | BB1: 0 | BC1: NOVEMBER | BG1: 0 | BH1: DECEMBER | BL1: 0 | BM1: TOTAL
E2: Quantity | F2: Price | H2: Total | J2: Quantity | K2: Price | M2: Total | O2: Quantity | P2: Price | R2: Total | T2: Quantity | U2: Price | W2: Total | Y2: Quantity | Z2: Price | AB2: Total | AD2: Quantity | AE2: Price | AG2: Total | AI2: Quantity | AJ2: Price | AL2: Total | AN2: Quantity | AO2: Price | AQ2: Total | AS2: Quantity | AT2: Price | AV2: Total | AX2: Quantity | AY2: Price | BA2: Total | BC2: Quantity | BD2: Price | BF2: Total | BH2: Quantity | BI2: Price | BK2: Total
A3: SUPPLIERS | B3: Item | C3: Paper Type | D3: Width | E3: Kg | F3: R$/kg | G3: EUR/kg | H3: R$ | I3: EUR | J3: Kg | K3: R$/kg | L3: EUR/kg | M3: R$ | N3: EUR | O3: Kg | P3: R$/kg | Q3: EUR/kg | R3: R$ | S3: EUR | T3: Kg | U3: R$/kg | V3: EUR/kg | W3: R$ | X3: EUR | Y3: Kg | Z3: R$/kg | AA3: EUR/kg | AB3: R$ | AC3: EUR | AD3: Kg | AE3: R$/kg | AF3: EUR/kg | AG3: R$ | AH3: EUR | AI3: Kg | AJ3: R$/kg | AK3: EUR/kg | AL3: R$ | AM3: EUR | AN3: Kg | AO3: R$/kg | AP3: EUR/kg | AQ3: R$ | AR3: EUR | AS3: Kg | AT3: R$/kg | AU3: EUR/kg | AV3: R$ | AW3: EUR | AX3: Kg | AY3: R$/kg | AZ3: EUR/kg | BA3: R$ | BB3: EUR | BC3: Kg | BD3: R$/kg | BE3: EUR/kg | BF3: R$ | BG3: EUR | BH3: Kg | BI3: R$/kg | BJ3: EUR/kg | BK3: R$ | BL3: EUR | BM3: Kg | BN3: R$ | BO3: EUR | BP3: Avg price / kg | BQ3: Material Group | BR3: Class
A4: CART01 / CARTIERE DI GUARCINO S.P.A. / ITA | B4: 7004664 | C4: PBM 05 0248 065 CART | D4: 2060 | E4: 0 | F4: 0 | G4: 0 | H4: 0 | I4: 0 | J4: 0 | K4: 0 | L4: 0 | M4: 0 | N4: 0 | O4: 1366 | P4: 13.55 | Q4: =P4/$S$1 -> 2.2410894 | R4: 18506.52 | S4: =R4/$S$1 -> 3060.8683 | T4: 0 | U4: 0 | V4: 0 | W4: 0 | X4: 0 | Y4: 0 | Z4: 0 | AA4: 0 | AB4: 0 | AC4: 0 | AD4: 0 | AE4: 0 | AF4: 0 | AG4: 0 | AH4: 0 | AI4: 0 | AJ4: 0 | AK4: 0 | AL4: 0 | AM4: 0 | AN4: 0 | AO4: 0 | AP4: 0 | AQ4: 0 | AR4: 0 | AS4: 0 | AT4: 0 | AU4: 0 | AV4: 0 | AW4: 0 | AX4: 0 | AY4: 0 | AZ4: 0 | BA4: 0 | BB4: 0 | BC4: 0 | BD4: 0 | BE4: 0 | BF4: 0 | BG4: 0 | BH4: 0 | BI4: 0 | BJ4: 0 | BK4: 0 | BL4: 0 | BM4: =SUM(E4,J4,O4,T4,Y4,AD4,AI4,AN4,AS4,AX4,BC4,BH4) -> 1366 | BN4: =SUM(H4,M4,R4,W4,AB4,AG4,AL4,AQ4,AV4,BA4,BF4,BK4) -> 18506.52 | BO4: =SUM(I4,N4,S4,X4,AC4,AH4,AM4,AR4,AW4,BB4,BG4,BL4) -> 3060.8683 | BP4: =IF(BM4=0,"",BO4/BM4) -> 2.2407528 | BQ4: Print
A5: CART01 / CARTIERE DI GUARCINO S.P.A. / ITA | B5: 7002369 | C5: DPU 01 0002 80 CART | D5: 1865 | E5: 0 | F5: 0 | G5: 0 | H5: 0 | I5: 0 | J5: 0 | K5: 0 | L5: 0 | M5: 0 | N5: 0 | O5: 0 | P5: 0 | Q5: 0 | R5: 0 | S5: 0 | T5: 7391 | U5: 16.98 | V5: =U5/$X$1 -> 2.8828401 | W5: 125470.72 | X5: =W5/$X$1 -> 21302.239 | Y5: 0 | Z5: 0 | AA5: 0 | AB5: 0 | AC5: 0 | AD5: 0 | AE5: 0 | AF5: 0 | AG5: 0 | AH5: 0 | AI5: 0 | AJ5: 0 | AK5: 0 | AL5: 0 | AM5: 0 | AN5: 0 | AO5: 0 | AP5: 0 | AQ5: 0 | AR5: 0 | AS5: 0 | AT5: 0 | AU5: 0 | AV5: 0 | AW5: 0 | AX5: 0 | AY5: 0 | AZ5: 0 | BA5: 0 | BB5: 0 | BC5: 0 | BD5: 0 | BE5: 0 | BF5: 0 | BG5: 0 | BH5: 0 | BI5: 0 | BJ5: 0 | BK5: 0 | BL5: 0 | BM5: =SUM(E5,J5,O5,T5,Y5,AD5,AI5,AN5,AS5,AX5,BC5,BH5) -> 7391 | BN5: =SUM(H5,M5,R5,W5,AB5,AG5,AL5,AQ5,AV5,BA5,BF5,BK5) -> 125470.72 | BO5: =SUM(I5,N5,S5,X5,AC5,AH5,AM5,AR5,AW5,BB5,BG5,BL5) -> 21302.239 | BP5: =IF(BM5=0,"",BO5/BM5) -> 2.8821863 | BQ5: IP | BR5: white
A6: CART01 / CARTIERE DI GUARCINO S.P.A. / ITA | B6: 7004755 | C6: PBM 05 0483 068 CART | D6: 1870 | E6: 0 | F6: 0 | G6: 0 | H6: 0 | I6: 0 | J6: 0 | K6: 0 | L6: 0 | M6: 0 | N6: 0 | O6: 0 | P6: 0 | Q6: 0 | R6: 0 | S6: 0 | T6: 7695 | U6: 13.85 | V6: =U6/$X$1 -> 2.3514331 | W6: 106551.93 | X6: =W6/$X$1 -> 18090.234 | Y6: 0 | Z6: 0 | AA6: 0 | AB6: 0 | AC6: 0 | AD6: 0 | AE6: 0 | AF6: 0 | AG6: 0 | AH6: 0 | AI6: 0 | AJ6: 0 | AK6: 0 | AL6: 0 | AM6: 0 | AN6: 0 | AO6: 0 | AP6: 0 | AQ6: 0 | AR6: 0 | AS6: 0 | AT6: 0 | AU6: 0 | AV6: 0 | AW6: 0 | AX6: 0 | AY6: 0 | AZ6: 0 | BA6: 0 | BB6: 0 | BC6: 0 | BD6: 0 | BE6: 0 | BF6: 0 | BG6: 0 | BH6: 0 | BI6: 0 | BJ6: 0 | BK6: 0 | BL6: 0 | BM6: =SUM(E6,J6,O6,T6,Y6,AD6,AI6,AN6,AS6,AX6,BC6,BH6) -> 7695 | BN6: =SUM(H6,M6,R6,W6,AB6,AG6,AL6,AQ6,AV6,BA6,BF6,BK6) -> 106551.93 | BO6: =SUM(I6,N6,S6,X6,AC6,AH6,AM6,AR6,AW6,BB6,BG6,BL6) -> 18090.234 | BP6: =IF(BM6=0,"",BO6/BM6) -> 2.3509076 | BQ6: Print
A7: CART01 / CARTIERE DI GUARCINO S.P.A. / ITA | B7: 7004756 | C7: PBM 05 689 068 CART | D7: 1870 | E7: 0 | F7: 0 | G7: 0 | H7: 0 | I7: 0 | J7: 0 | K7: 0 | L7: 0 | M7: 0 | N7: 0 | O7: 0 | P7: 0 | Q7: 0 | R7: 0 | S7: 0 | T7: 6437 | U7: 13.85 | V7: =U7/$X$1 -> 2.3514331 | W7: 89132.53 | X7: =W7/$X$1 -> 15132.793 | Y7: 0 | Z7: 0 | AA7: 0 | AB7: 0 | AC7: 0 | AD7: 0 | AE7: 0 | AF7: 0 | AG7: 0 | AH7: 0 | AI7: 0 | AJ7: 0 | AK7: 0 | AL7: 0 | AM7: 0 | AN7: 0 | AO7: 0 | AP7: 0 | AQ7: 0 | AR7: 0 | AS7: 0 | AT7: 0 | AU7: 0 | AV7: 0 | AW7: 0 | AX7: 0 | AY7: 0 | AZ7: 0 | BA7: 0 | BB7: 0 | BC7: 0 | BD7: 0 | BE7: 0 | BF7: 0 | BG7: 0 | BH7: 0 | BI7: 0 | BJ7: 0 | BK7: 0 | BL7: 0 | BM7: =SUM(E7,J7,O7,T7,Y7,AD7,AI7,AN7,AS7,AX7,BC7,BH7) -> 6437 | BN7: =SUM(H7,M7,R7,W7,AB7,AG7,AL7,AQ7,AV7,BA7,BF7,BK7) -> 89132.53 | BO7: =SUM(I7,N7,S7,X7,AC7,AH7,AM7,AR7,AW7,BB7,BG7,BL7) -> 15132.793 | BP7: =IF(BM7=0,"",BO7/BM7) -> 2.3509077 | BQ7: Print
A8: HUAW01 / HANGZHOU HUAWANG NEW MATERIAL TECHNOLOGY CO. | B8: 18.856 | C8: HUAWON GRAY HG5089 (689) 68G/M2 1870MM (FSC MC) | D8: 1870 | E8: 25137 | F8: 13.70296 | G8: 2.1832925 | H8: 344451.31 | I8: 54881.423 | J8: 25228 | K8: 13.602142 | L8: 2.2111993 | M8: 343154.84 | N8: 55784.135 | O8: 0 | P8: 0 | Q8: 0 | R8: 0 | S8: 0 | T8: 0 | U8: 0 | V8: 0 | W8: 0 | X8: 0 | Y8: 0 | Z8: 0 | AA8: 0 | AB8: 0 | AC8: 0 | AD8: 0 | AE8: 0 | AF8: 0 | AG8: 0 | AH8: 0 | AI8: 0 | AJ8: 0 | AK8: 0 | AL8: 0 | AM8: 0 | AN8: 0 | AO8: 0 | AP8: 0 | AQ8: 0 | AR8: 0 | AS8: 0 | AT8: 0 | AU8: 0 | AV8: 0 | AW8: 0 | AX8: 0 | AY8: 0 | AZ8: 0 | BA8: 0 | BB8: 0 | BC8: 0 | BD8: 0 | BE8: 0 | BF8: 0 | BG8: 0 | BH8: 0 | BI8: 0 | BJ8: 0 | BK8: 0 | BL8: 0 | BM8: =SUM(E8,J8,O8,T8,Y8,AD8,AI8,AN8,AS8,AX8,BC8,BH8) -> 50365 | BN8: =SUM(H8,M8,R8,W8,AB8,AG8,AL8,AQ8,AV8,BA8,BF8,BK8) -> 687606.14 | BO8: =SUM(I8,N8,S8,X8,AC8,AH8,AM8,AR8,AW8,BB8,BG8,BL8) -> 110665.56 | BP8: =IF(BM8=0,"",BO8/BM8) -> 2.1972711 | BQ8: Print
A9: HUAW01 / HANGZHOU HUAWANG NEW MATERIAL TECHNOLOGY CO. | B9: 7002028 | C9: PBM 01 1833 070 HUAW | D9: 1860 | E9: 0 | F9: 0 | G9: 0 | H9: 0 | I9: 0 | J9: 0 | K9: 0 | L9: 0 | M9: 0 | N9: 0 | O9: 2030 | P9: 9.44 | Q9: =P9/$S$1 -> 1.5613198 | R9: 19153.44 | S9: =R9/$S$1 -> 3167.865 | T9: 0 | U9: 0 | V9: 0 | W9: 0 | X9: 0 | Y9: 0 | Z9: 0 | AA9: 0 | AB9: 0 | AC9: 0 | AD9: 0 | AE9: 0 | AF9: 0 | AG9: 0 | AH9: 0 | AI9: 0 | AJ9: 0 | AK9: 0 | AL9: 0 | AM9: 0 | AN9: 0 | AO9: 0 | AP9: 0 | AQ9: 0 | AR9: 0 | AS9: 0 | AT9: 0 | AU9: 0 | AV9: 0 | AW9: 0 | AX9: 0 | AY9: 0 | AZ9: 0 | BA9: 0 | BB9: 0 | BC9: 0 | BD9: 0 | BE9: 0 | BF9: 0 | BG9: 0 | BH9: 0 | BI9: 0 | BJ9: 0 | BK9: 0 | BL9: 0 | BM9: =SUM(E9,J9,O9,T9,Y9,AD9,AI9,AN9,AS9,AX9,BC9,BH9) -> 2030 | BN9: =SUM(H9,M9,R9,W9,AB9,AG9,AL9,AQ9,AV9,BA9,BF9,BK9) -> 19153.44 | BO9: =SUM(I9,N9,S9,X9,AC9,AH9,AM9,AR9,AW9,BB9,BG9,BL9) -> 3167.865 | BP9: =IF(BM9=0,"",BO9/BM9) -> 1.5605246 | BQ9: Print
A10: HUAW01 / HANGZHOU HUAWANG NEW MATERIAL TECHNOLOGY CO. | B10: 2010899 | C10: PBM 05 0483 068 HUAW (5083) | D10: 1870 | E10: 0 | F10: 0 | G10: 0 | H10: 0 | I10: 0 | J10: 0 | K10: 0 | L10: 0 | M10: 0 | N10: 0 | O10: 0 | P10: 0 | Q10: 0 | R10: 0 | S10: 0 | T10: 190866 | U10: 11.406667 | V10: =U10/$X$1 -> 1.9366075 | W10: 2168071.2 | X10: =W10/$X$1 -> 368092.02 | Y10: 49815 | Z10: 11.4 | AA10: =Z10/$AC$1 -> 1.9592375 | AB10: 567892.49 | AC10: =AB10/$AC$1 -> 97599.674 | AD10: 49515 | AE10: 11.504796 | AF10: =AE10/$AH$1 -> 1.9496743 | AG10: 569659.97 | AH10: =AG10/$AH$1 -> 96538.123 | AI10: 0 | AJ10: 0 | AK10: 0 | AL10: 0 | AM10: 0 | AN10: 0 | AO10: 0 | AP10: 0 | AQ10: 0 | AR10: 0 | AS10: 0 | AT10: 0 | AU10: 0 | AV10: 0 | AW10: 0 | AX10: 0 | AY10: 0 | AZ10: 0 | BA10: 0 | BB10: 0 | BC10: 0 | BD10: 0 | BE10: 0 | BF10: 0 | BG10: 0 | BH10: 0 | BI10: 0 | BJ10: 0 | BK10: 0 | BL10: 0 | BM10: =SUM(E10,J10,O10,T10,Y10,AD10,AI10,AN10,AS10,AX10,BC10,BH10) -> 290196 | BN10: =SUM(H10,M10,R10,W10,AB10,AG10,AL10,AQ10,AV10,BA10,BF10,BK10) -> 3305623.7 | BO10: =SUM(I10,N10,S10,X10,AC10,AH10,AM10,AR10,AW10,BB10,BG10,BL10) -> 562229.82 | BP10: =IF(BM10=0,"",BO10/BM10) -> 1.9374141 | BQ10: Print
A11: HUAW01 / HANGZHOU HUAWANG NEW MATERIAL TECHNOLOGY CO. | B11: 2090448 | C11: PBM 05 689 068 HUAW (5089) | D11: 1870 | E11: 0 | F11: 0 | G11: 0 | H11: 0 | I11: 0 | J11: 0 | K11: 0 | L11: 0 | M11: 0 | N11: 0 | O11: 0 | P11: 0 | Q11: 0 | R11: 0 | S11: 0 | T11: 75156 | U11: 11.32 | V11: =U11/$X$1 -> 1.9218934 | W11: 847291.6 | X11: =W11/$X$1 -> 143851.95 | Y11: 0 | Z11: 0 | AA11: 0 | AB11: 0 | AC11: 0 | AD11: 49727 | AE11: 11.46166 | AF11: =AE11/$AH$1 -> 1.9423642 | AG11: 569953.96 | AH11: =AG11/$AH$1 -> 96587.944 | AI11: 0 | AJ11: 0 | AK11: 0 | AL11: 0 | AM11: 0 | AN11: 0 | AO11: 0 | AP11: 0 | AQ11: 0 | AR11: 0 | AS11: 0 | AT11: 0 | AU11: 0 | AV11: 0 | AW11: 0 | AX11: 0 | AY11: 0 | AZ11: 0 | BA11: 0 | BB11: 0 | BC11: 0 | BD11: 0 | BE11: 0 | BF11: 0 | BG11: 0 | BH11: 0 | BI11: 0 | BJ11: 0 | BK11: 0 | BL11: 0 | BM11: =SUM(E11,J11,O11,T11,Y11,AD11,AI11,AN11,AS11,AX11,BC11,BH11) -> 124883 | BN11: =SUM(H11,M11,R11,W11,AB11,AG11,AL11,AQ11,AV11,BA11,BF11,BK11) -> 1417245.6 | BO11: =SUM(I11,N11,S11,X11,AC11,AH11,AM11,AR11,AW11,BB11,BG11,BL11) -> 240439.9 | BP11: =IF(BM11=0,"",BO11/BM11) -> 1.9253213 | BQ11: Print
A12: HUAW01 / HANGZHOU HUAWANG NEW MATERIAL TECHNOLOGY CO. | B12: 7002372 | C12: PBM 05 0248 065 HUAW | D12: 1870 | E12: 0 | F12: 0 | G12: 0 | H12: 0 | I12: 0 | J12: 0 | K12: 0 | L12: 0 | M12: 0 | N12: 0 | O12: 0 | P12: 0 | Q12: 0 | R12: 0 | S12: 0 | T12: 100046 | U12: 11.553333 | V12: =U12/$X$1 -> 1.9615084 | W12: 1152059.7 | X12: =W12/$X$1 -> 195595.05 | Y12: 0 | Z12: 0 | AA12: 0 | AB12: 0 | AC12: 0 | AD12: 0 | AE12: 0 | AF12: 0 | AG12: 0 | AH12: 0 | AI12: 0 | AJ12: 0 | AK12: 0 | AL12: 0 | AM12: 0 | AN12: 0 | AO12: 0 | AP12: 0 | AQ12: 0 | AR12: 0 | AS12: 0 | AT12: 0 | AU12: 0 | AV12: 0 | AW12: 0 | AX12: 0 | AY12: 0 | AZ12: 0 | BA12: 0 | BB12: 0 | BC12: 0 | BD12: 0 | BE12: 0 | BF12: 0 | BG12: 0 | BH12: 0 | BI12: 0 | BJ12: 0 | BK12: 0 | BL12: 0 | BM12: =SUM(E12,J12,O12,T12,Y12,AD12,AI12,AN12,AS12,AX12,BC12,BH12) -> 100046 | BN12: =SUM(H12,M12,R12,W12,AB12,AG12,AL12,AQ12,AV12,BA12,BF12,BK12) -> 1152059.7 | BO12: =SUM(I12,N12,S12,X12,AC12,AH12,AM12,AR12,AW12,BB12,BG12,BL12) -> 195595.05 | BP12: =IF(BM12=0,"",BO12/BM12) -> 1.9550512 | BQ12: Print
A13: HUAW01 / HANGZHOU HUAWANG NEW MATERIAL TECHNOLOGY CO. | B13: 7004758 | C13: PBM 01 0004 070 HUAW | D13: 1870 | E13: 0 | F13: 0 | G13: 0 | H13: 0 | I13: 0 | J13: 0 | K13: 0 | L13: 0 | M13: 0 | N13: 0 | O13: 0 | P13: 0 | Q13: 0 | R13: 0 | S13: 0 | T13: 5928 | U13: 10.97 | V13: =U13/$X$1 -> 1.8624709 | W13: 65000.52 | X13: =W13/$X$1 -> 11035.695 | Y13: 0 | Z13: 0 | AA13: 0 | AB13: 0 | AC13: 0 | AD13: 0 | AE13: 0 | AF13: 0 | AG13: 0 | AH13: 0 | AI13: 0 | AJ13: 0 | AK13: 0 | AL13: 0 | AM13: 0 | AN13: 0 | AO13: 0 | AP13: 0 | AQ13: 0 | AR13: 0 | AS13: 0 | AT13: 0 | AU13: 0 | AV13: 0 | AW13: 0 | AX13: 0 | AY13: 0 | AZ13: 0 | BA13: 0 | BB13: 0 | BC13: 0 | BD13: 0 | BE13: 0 | BF13: 0 | BG13: 0 | BH13: 0 | BI13: 0 | BJ13: 0 | BK13: 0 | BL13: 0 | BM13: =SUM(E13,J13,O13,T13,Y13,AD13,AI13,AN13,AS13,AX13,BC13,BH13) -> 5928 | BN13: =SUM(H13,M13,R13,W13,AB13,AG13,AL13,AQ13,AV13,BA13,BF13,BK13) -> 65000.52 | BO13: =SUM(I13,N13,S13,X13,AC13,AH13,AM13,AR13,AW13,BB13,BG13,BL13) -> 11035.695 | BP13: =IF(BM13=0,"",BO13/BM13) -> 1.861622 | BQ13: Print
A14: HUAW01 / HANGZHOU HUAWANG NEW MATERIAL TECHNOLOGY CO. | B14: 7004759 | C14: DPU 01 0104 080 HUAW | D14: 1860 | E14: 0 | F14: 0 | G14: 0 | H14: 0 | I14: 0 | J14: 0 | K14: 0 | L14: 0 | M14: 0 | N14: 0 | O14: 0 | P14: 0 | Q14: 0 | R14: 0 | S14: 0 | T14: 3078 | U14: 10.97 | V14: =U14/$X$1 -> 1.8624709 | W14: 33750.27 | X14: =W14/$X$1 -> 5730.0725 | Y14: 0 | Z14: 0 | AA14: 0 | AB14: 0 | AC14: 0 | AD14: 0 | AE14: 0 | AF14: 0 | AG14: 0 | AH14: 0 | AI14: 0 | AJ14: 0 | AK14: 0 | AL14: 0 | AM14: 0 | AN14: 0 | AO14: 0 | AP14: 0 | AQ14: 0 | AR14: 0 | AS14: 0 | AT14: 0 | AU14: 0 | AV14: 0 | AW14: 0 | AX14: 0 | AY14: 0 | AZ14: 0 | BA14: 0 | BB14: 0 | BC14: 0 | BD14: 0 | BE14: 0 | BF14: 0 | BG14: 0 | BH14: 0 | BI14: 0 | BJ14: 0 | BK14: 0 | BL14: 0 | BM14: =SUM(E14,J14,O14,T14,Y14,AD14,AI14,AN14,AS14,AX14,BC14,BH14) -> 3078 | BN14: =SUM(H14,M14,R14,W14,AB14,AG14,AL14,AQ14,AV14,BA14,BF14,BK14) -> 33750.27 | BO14: =SUM(I14,N14,S14,X14,AC14,AH14,AM14,AR14,AW14,BB14,BG14,BL14) -> 5730.0725 | BP14: =IF(BM14=0,"",BO14/BM14) -> 1.861622 | BQ14: Print
A15: KING01 / KINGDECOR (ZHEJIANG) CO., LTD | B15: 7002362 | C15: PIP 01 9370 070 KING PO NEW WHITE | D15: 1880 | E15: 0 | F15: 0 | G15: 0 | H15: 0 | I15: 0 | J15: 0 | K15: 0 | L15: 0 | M15: 0 | N15: 0 | O15: 0 | P15: 0 | Q15: 0 | R15: 0 | S15: 0 | T15: 45773 | U15: 16.7 | V15: =U15/$X$1 -> 2.8353021 | W15: 764559.24 | X15: =W15/$X$1 -> 129805.77 | Y15: 0 | Z15: 0 | AA15: 0 | AB15: 0 | AC15: 0 | AD15: 50485 | AE15: 16.95 | AF15: 2.8724525 | AG15: 855926.73 | AH15: 145050.67 | AI15: 0 | AJ15: 0 | AK15: 0 | AL15: 0 | AM15: 0 | AN15: 0 | AO15: 0 | AP15: 0 | AQ15: 0 | AR15: 0 | AS15: 0 | AT15: 0 | AU15: 0 | AV15: 0 | AW15: 0 | AX15: 0 | AY15: 0 | AZ15: 0 | BA15: 0 | BB15: 0 | BC15: 0 | BD15: 0 | BE15: 0 | BF15: 0 | BG15: 0 | BH15: 0 | BI15: 0 | BJ15: 0 | BK15: 0 | BL15: 0 | BM15: =SUM(E15,J15,O15,T15,Y15,AD15,AI15,AN15,AS15,AX15,BC15,BH15) -> 96258 | BN15: =SUM(H15,M15,R15,W15,AB15,AG15,AL15,AQ15,AV15,BA15,BF15,BK15) -> 1620486 | BO15: =SUM(I15,N15,S15,X15,AC15,AH15,AM15,AR15,AW15,BB15,BG15,BL15) -> 274856.44 | BP15: =IF(BM15=0,"",BO15/BM15) -> 2.855414 | BQ15: FF
A16: KING01 / KINGDECOR (ZHEJIANG) CO., LTD | B16: 7004722 | C16: PBM 01 0087 050 KING (XH1007D) | D16: 1870 | E16: 0 | F16: 0 | G16: 0 | H16: 0 | I16: 0 | J16: 0 | K16: 0 | L16: 0 | M16: 0 | N16: 0 | O16: 0 | P16: 0 | Q16: 0 | R16: 0 | S16: 0 | T16: 841 | U16: 7.18 | V16: =U16/$X$1 -> 1.2190101 | W16: 6037.94 | X16: =W16/$X$1 -> 1025.1128 | Y16: 0 | Z16: 0 | AA16: 0 | AB16: 0 | AC16: 0 | AD16: 0 | AE16: 0 | AF16: 0 | AG16: 0 | AH16: 0 | AI16: 0 | AJ16: 0 | AK16: 0 | AL16: 0 | AM16: 0 | AN16: 0 | AO16: 0 | AP16: 0 | AQ16: 0 | AR16: 0 | AS16: 0 | AT16: 0 | AU16: 0 | AV16: 0 | AW16: 0 | AX16: 0 | AY16: 0 | AZ16: 0 | BA16: 0 | BB16: 0 | BC16: 0 | BD16: 0 | BE16: 0 | BF16: 0 | BG16: 0 | BH16: 0 | BI16: 0 | BJ16: 0 | BK16: 0 | BL16: 0 | BM16: =SUM(E16,J16,O16,T16,Y16,AD16,AI16,AN16,AS16,AX16,BC16,BH16) -> 841 | BN16: =SUM(H16,M16,R16,W16,AB16,AG16,AL16,AQ16,AV16,BA16,BF16,BK16) -> 6037.94 | BO16: =SUM(I16,N16,S16,X16,AC16,AH16,AM16,AR16,AW16,BB16,BG16,BL16) -> 1025.1128 | BP16: =IF(BM16=0,"",BO16/BM16) -> 1.2189213 | BQ16: Print
A17: KING01 / KINGDECOR (ZHEJIANG) CO., LTD | B17: 7004757 | C17: PIP 01 9370 065 KING PO NEW WHITE | D17: 1880 | E17: 0 | F17: 0 | G17: 0 | H17: 0 | I17: 0 | J17: 0 | K17: 0 | L17: 0 | M17: 0 | N17: 0 | O17: 0 | P17: 0 | Q17: 0 | R17: 0 | S17: 0 | T17: 5021 | U17: 16.7 | V17: =U17/$X$1 -> 2.8353021 | W17: 83867.17 | X17: =W17/$X$1 -> 14238.848 | Y17: 0 | Z17: 0 | AA17: 0 | AB17: 0 | AC17: 0 | AD17: 0 | AE17: 0 | AF17: 0 | AG17: 0 | AH17: 0 | AI17: 0 | AJ17: 0 | AK17: 0 | AL17: 0 | AM17: 0 | AN17: 0 | AO17: 0 | AP17: 0 | AQ17: 0 | AR17: 0 | AS17: 0 | AT17: 0 | AU17: 0 | AV17: 0 | AW17: 0 | AX17: 0 | AY17: 0 | AZ17: 0 | BA17: 0 | BB17: 0 | BC17: 0 | BD17: 0 | BE17: 0 | BF17: 0 | BG17: 0 | BH17: 0 | BI17: 0 | BJ17: 0 | BK17: 0 | BL17: 0 | BM17: =SUM(E17,J17,O17,T17,Y17,AD17,AI17,AN17,AS17,AX17,BC17,BH17) -> 5021 | BN17: =SUM(H17,M17,R17,W17,AB17,AG17,AL17,AQ17,AV17,BA17,BF17,BK17) -> 83867.17 | BO17: =SUM(I17,N17,S17,X17,AC17,AH17,AM17,AR17,AW17,BB17,BG17,BL17) -> 14238.848 | BP17: =IF(BM17=0,"",BO17/BM17) -> 2.835859 | BQ17: FF
A18: KING01 / KINGDECOR (ZHEJIANG) CO., LTD | B18: 7004848 | C18: DPU 01 0104 070 KING | D18: 1870 | E18: 0 | F18: 0 | G18: 0 | H18: 0 | I18: 0 | J18: 0 | K18: 0 | L18: 0 | M18: 0 | N18: 0 | O18: 0 | P18: 0 | Q18: 0 | R18: 0 | S18: 0 | T18: 50573 | U18: 11.21 | V18: =U18/$X$1 -> 1.9032177 | W18: 566861.63 | X18: =W18/$X$1 -> 96240.955 | Y18: 0 | Z18: 0 | AA18: 0 | AB18: 0 | AC18: 0 | AD18: 0 | AE18: 0 | AF18: 0 | AG18: 0 | AH18: 0 | AI18: 0 | AJ18: 0 | AK18: 0 | AL18: 0 | AM18: 0 | AN18: 0 | AO18: 0 | AP18: 0 | AQ18: 0 | AR18: 0 | AS18: 0 | AT18: 0 | AU18: 0 | AV18: 0 | AW18: 0 | AX18: 0 | AY18: 0 | AZ18: 0 | BA18: 0 | BB18: 0 | BC18: 0 | BD18: 0 | BE18: 0 | BF18: 0 | BG18: 0 | BH18: 0 | BI18: 0 | BJ18: 0 | BK18: 0 | BL18: 0 | BM18: =SUM(E18,J18,O18,T18,Y18,AD18,AI18,AN18,AS18,AX18,BC18,BH18) -> 50573 | BN18: =SUM(H18,M18,R18,W18,AB18,AG18,AL18,AQ18,AV18,BA18,BF18,BK18) -> 566861.63 | BO18: =SUM(I18,N18,S18,X18,AC18,AH18,AM18,AR18,AW18,BB18,BG18,BL18) -> 96240.955 | BP18: =IF(BM18=0,"",BO18/BM18) -> 1.9030106 | BQ18: Print
A19: KOEH02 / KOEHLER PAPER SE / DEU | B19: 14.108 | C19: KOEHLER 8269 ECO 68G/M2 1870MM (FSC MC) | D19: 1870 | E19: 51051 | F19: 14.509955 | G19: 2.311871 | H19: 740747.71 | I19: 118023.33 | J19: 0 | K19: 0 | L19: 0 | M19: 0 | N19: 0 | O19: 0 | P19: 0 | Q19: 0 | R19: 0 | S19: 0 | T19: 0 | U19: 0 | V19: 0 | W19: 0 | X19: 0 | Y19: 0 | Z19: 0 | AA19: 0 | AB19: 0 | AC19: 0 | AD19: 0 | AE19: 0 | AF19: 0 | AG19: 0 | AH19: 0 | AI19: 0 | AJ19: 0 | AK19: 0 | AL19: 0 | AM19: 0 | AN19: 0 | AO19: 0 | AP19: 0 | AQ19: 0 | AR19: 0 | AS19: 0 | AT19: 0 | AU19: 0 | AV19: 0 | AW19: 0 | AX19: 0 | AY19: 0 | AZ19: 0 | BA19: 0 | BB19: 0 | BC19: 0 | BD19: 0 | BE19: 0 | BF19: 0 | BG19: 0 | BH19: 0 | BI19: 0 | BJ19: 0 | BK19: 0 | BL19: 0 | BM19: =SUM(E19,J19,O19,T19,Y19,AD19,AI19,AN19,AS19,AX19,BC19,BH19) -> 51051 | BN19: =SUM(H19,M19,R19,W19,AB19,AG19,AL19,AQ19,AV19,BA19,BF19,BK19) -> 740747.71 | BO19: =SUM(I19,N19,S19,X19,AC19,AH19,AM19,AR19,AW19,BB19,BG19,BL19) -> 118023.33 | BP19: =IF(BM19=0,"",BO19/BM19) -> 2.311871 | BQ19: Print
A20: KOEH02 / KOEHLER PAPER SE / DEU | B20: 14.127 | C20: KOEHLER 8292 ECO 70G/M² 1870MM LOP (FSC MC) | D20: 1870 | E20: 24960 | F20: 12.399134 | G20: 1.9755539 | H20: 309482.38 | I20: 49309.825 | J20: 0 | K20: 0 | L20: 0 | M20: 0 | N20: 0 | O20: 0 | P20: 0 | Q20: 0 | R20: 0 | S20: 0 | T20: 0 | U20: 0 | V20: 0 | W20: 0 | X20: 0 | Y20: 0 | Z20: 0 | AA20: 0 | AB20: 0 | AC20: 0 | AD20: 0 | AE20: 0 | AF20: 0 | AG20: 0 | AH20: 0 | AI20: 0 | AJ20: 0 | AK20: 0 | AL20: 0 | AM20: 0 | AN20: 0 | AO20: 0 | AP20: 0 | AQ20: 0 | AR20: 0 | AS20: 0 | AT20: 0 | AU20: 0 | AV20: 0 | AW20: 0 | AX20: 0 | AY20: 0 | AZ20: 0 | BA20: 0 | BB20: 0 | BC20: 0 | BD20: 0 | BE20: 0 | BF20: 0 | BG20: 0 | BH20: 0 | BI20: 0 | BJ20: 0 | BK20: 0 | BL20: 0 | BM20: =SUM(E20,J20,O20,T20,Y20,AD20,AI20,AN20,AS20,AX20,BC20,BH20) -> 24960 | BN20: =SUM(H20,M20,R20,W20,AB20,AG20,AL20,AQ20,AV20,BA20,BF20,BK20) -> 309482.38 | BO20: =SUM(I20,N20,S20,X20,AC20,AH20,AM20,AR20,AW20,BB20,BG20,BL20) -> 49309.825 | BP20: =IF(BM20=0,"",BO20/BM20) -> 1.9755539 | BQ20: Print
A21: KOEH02 / KOEHLER PAPER SE / DEU | B21: 7004665 | C21: PBM 05 0248 065 KOEH | D21: 2060 | E21: 0 | F21: 0 | G21: 0 | H21: 0 | I21: 0 | J21: 0 | K21: 0 | L21: 0 | M21: 0 | N21: 0 | O21: 2296 | P21: 13.91 | Q21: =P21/$S$1 -> 2.3006313 | R21: 31939.33 | S21: =R21/$S$1 -> 5282.5752 | T21: 0 | U21: 0 | V21: 0 | W21: 0 | X21: 0 | Y21: 0 | Z21: 0 | AA21: 0 | AB21: 0 | AC21: 0 | AD21: 0 | AE21: 0 | AF21: 0 | AG21: 0 | AH21: 0 | AI21: 0 | AJ21: 0 | AK21: 0 | AL21: 0 | AM21: 0 | AN21: 0 | AO21: 0 | AP21: 0 | AQ21: 0 | AR21: 0 | AS21: 0 | AT21: 0 | AU21: 0 | AV21: 0 | AW21: 0 | AX21: 0 | AY21: 0 | AZ21: 0 | BA21: 0 | BB21: 0 | BC21: 0 | BD21: 0 | BE21: 0 | BF21: 0 | BG21: 0 | BH21: 0 | BI21: 0 | BJ21: 0 | BK21: 0 | BL21: 0 | BM21: =SUM(E21,J21,O21,T21,Y21,AD21,AI21,AN21,AS21,AX21,BC21,BH21) -> 2296 | BN21: =SUM(H21,M21,R21,W21,AB21,AG21,AL21,AQ21,AV21,BA21,BF21,BK21) -> 31939.33 | BO21: =SUM(I21,N21,S21,X21,AC21,AH21,AM21,AR21,AW21,BB21,BG21,BL21) -> 5282.5752 | BP21: =IF(BM21=0,"",BO21/BM21) -> 2.3007732 | BQ21: Print
A22: KOEH02 / KOEHLER PAPER SE / DEU | B22: 2032265 | C22: PBM 02 8269 068 KOEH | D22: 1870 | E22: 0 | F22: 0 | G22: 0 | H22: 0 | I22: 0 | J22: 0 | K22: 0 | L22: 0 | M22: 0 | N22: 0 | O22: 99116 | P22: 12.405 | Q22: =P22/$S$1 -> 2.0517132 | R22: 1229688.1 | S22: =R22/$S$1 -> 203383.1 | T22: 0 | U22: 0 | V22: 0 | W22: 0 | X22: 0 | Y22: 50006 | Z22: 11.93 | AA22: =Z22/$AC$1 -> 2.0503249 | AB22: 596565.18 | AC22: =AB22/$AC$1 -> 102527.45 | AD22: 49574 | AE22: 12.094878 | AF22: =AE22/$AH$1 -> 2.0496733 | AG22: 599591.48 | AH22: =AG22/$AH$1 -> 101610.5 | AI22: 0 | AJ22: 0 | AK22: 0 | AL22: 0 | AM22: 0 | AN22: 0 | AO22: 0 | AP22: 0 | AQ22: 0 | AR22: 0 | AS22: 0 | AT22: 0 | AU22: 0 | AV22: 0 | AW22: 0 | AX22: 0 | AY22: 0 | AZ22: 0 | BA22: 0 | BB22: 0 | BC22: 0 | BD22: 0 | BE22: 0 | BF22: 0 | BG22: 0 | BH22: 0 | BI22: 0 | BJ22: 0 | BK22: 0 | BL22: 0 | BM22: =SUM(E22,J22,O22,T22,Y22,AD22,AI22,AN22,AS22,AX22,BC22,BH22) -> 198696 | BN22: =SUM(H22,M22,R22,W22,AB22,AG22,AL22,AQ22,AV22,BA22,BF22,BK22) -> 2425844.8 | BO22: =SUM(I22,N22,S22,X22,AC22,AH22,AM22,AR22,AW22,BB22,BG22,BL22) -> 407521.05 | BP22: =IF(BM22=0,"",BO22/BM22) -> 2.0509776 | BQ22: Print
A23: KOEH02 / KOEHLER PAPER SE / DEU | B23: 7000451 | C23: PBM 02 8292 070 KOEH LOP | D23: 1870 | E23: 0 | F23: 0 | G23: 0 | H23: 0 | I23: 0 | J23: 0 | K23: 0 | L23: 0 | M23: 0 | N23: 0 | O23: 25900 | P23: 10.4 | Q23: =P23/$S$1 -> 1.7200981 | R23: 269435.21 | S23: =R23/$S$1 -> 44562.981 | T23: 0 | U23: 0 | V23: 0 | W23: 0 | X23: 0 | Y23: 24590 | Z23: 10.08 | AA23: =Z23/$AC$1 -> 1.7323785 | AB23: 247785.76 | AC23: =AB23/$AC$1 -> 42585.19 | AD23: 0 | AE23: 0 | AF23: 0 | AG23: 0 | AH23: 0 | AI23: 0 | AJ23: 0 | AK23: 0 | AL23: 0 | AM23: 0 | AN23: 0 | AO23: 0 | AP23: 0 | AQ23: 0 | AR23: 0 | AS23: 0 | AT23: 0 | AU23: 0 | AV23: 0 | AW23: 0 | AX23: 0 | AY23: 0 | AZ23: 0 | BA23: 0 | BB23: 0 | BC23: 0 | BD23: 0 | BE23: 0 | BF23: 0 | BG23: 0 | BH23: 0 | BI23: 0 | BJ23: 0 | BK23: 0 | BL23: 0 | BM23: =SUM(E23,J23,O23,T23,Y23,AD23,AI23,AN23,AS23,AX23,BC23,BH23) -> 50490 | BN23: =SUM(H23,M23,R23,W23,AB23,AG23,AL23,AQ23,AV23,BA23,BF23,BK23) -> 517220.97 | BO23: =SUM(I23,N23,S23,X23,AC23,AH23,AM23,AR23,AW23,BB23,BG23,BL23) -> 87148.171 | BP23: =IF(BM23=0,"",BO23/BM23) -> 1.7260481 | BQ23: Print
A24: KOEH02 / KOEHLER PAPER SE / DEU | B24: 7000451 | C24: PBM 02 8292 070 KOEH LOP | D24: 2175 | E24: 0 | F24: 0 | G24: 0 | H24: 0 | I24: 0 | J24: 0 | K24: 0 | L24: 0 | M24: 0 | N24: 0 | O24: 0 | P24: 0 | Q24: 0 | R24: 0 | S24: 0 | T24: 0 | U24: 0 | V24: 0 | W24: 0 | X24: 0 | Y24: 0 | Z24: 0 | AA24: 0 | AB24: 0 | AC24: 0 | AD24: 10143 | AE24: 10.94 | AF24: =AE24/$AH$1 -> 1.8539605 | AG24: 110982.9 | AH24: =AG24/$AH$1 -> 18807.853 | AI24: 0 | AJ24: 0 | AK24: 0 | AL24: 0 | AM24: 0 | AN24: 0 | AO24: 0 | AP24: 0 | AQ24: 0 | AR24: 0 | AS24: 0 | AT24: 0 | AU24: 0 | AV24: 0 | AW24: 0 | AX24: 0 | AY24: 0 | AZ24: 0 | BA24: 0 | BB24: 0 | BC24: 0 | BD24: 0 | BE24: 0 | BF24: 0 | BG24: 0 | BH24: 0 | BI24: 0 | BJ24: 0 | BK24: 0 | BL24: 0 | BM24: =SUM(E24,J24,O24,T24,Y24,AD24,AI24,AN24,AS24,AX24,BC24,BH24) -> 10143 | BN24: =SUM(H24,M24,R24,W24,AB24,AG24,AL24,AQ24,AV24,BA24,BF24,BK24) -> 110982.9 | BO24: =SUM(I24,N24,S24,X24,AC24,AH24,AM24,AR24,AW24,BB24,BG24,BL24) -> 18807.853 | BP24: =IF(BM24=0,"",BO24/BM24) -> 1.8542692 | BQ24: Print
A25: KOEH02 / KOEHLER PAPER SE / DEU | B25: 7000463 | C25: PBM 01 8291 072 KOEH LOP | D25: 1870 | E25: 0 | F25: 0 | G25: 0 | H25: 0 | I25: 0 | J25: 0 | K25: 0 | L25: 0 | M25: 0 | N25: 0 | O25: 0 | P25: 0 | Q25: 0 | R25: 0 | S25: 0 | T25: 0 | U25: 0 | V25: 0 | W25: 0 | X25: 0 | Y25: 0 | Z25: 0 | AA25: 0 | AB25: 0 | AC25: 0 | AD25: 24967 | AE25: 11.7 | AF25: =AE25/$AH$1 -> 1.9827548 | AG25: 292055.03 | AH25: =AG25/$AH$1 -> 49493.462 | AI25: 0 | AJ25: 0 | AK25: 0 | AL25: 0 | AM25: 0 | AN25: 0 | AO25: 0 | AP25: 0 | AQ25: 0 | AR25: 0 | AS25: 0 | AT25: 0 | AU25: 0 | AV25: 0 | AW25: 0 | AX25: 0 | AY25: 0 | AZ25: 0 | BA25: 0 | BB25: 0 | BC25: 0 | BD25: 0 | BE25: 0 | BF25: 0 | BG25: 0 | BH25: 0 | BI25: 0 | BJ25: 0 | BK25: 0 | BL25: 0 | BM25: =SUM(E25,J25,O25,T25,Y25,AD25,AI25,AN25,AS25,AX25,BC25,BH25) -> 24967 | BN25: =SUM(H25,M25,R25,W25,AB25,AG25,AL25,AQ25,AV25,BA25,BF25,BK25) -> 292055.03 | BO25: =SUM(I25,N25,S25,X25,AC25,AH25,AM25,AR25,AW25,BB25,BG25,BL25) -> 49493.462 | BP25: =IF(BM25=0,"",BO25/BM25) -> 1.9823552 | BQ25: Print
A26: MALT01 / MALTA-DECOR SP. Z O. O. / POL | B26: 7000450 | C26: PBM 02 0244 065 MALT | D26: 1870 | E26: 0 | F26: 0 | G26: 0 | H26: 0 | I26: 0 | J26: 0 | K26: 0 | L26: 0 | M26: 0 | N26: 0 | O26: 60282 | P26: 15.5525 | Q26: =P26/$S$1 -> 2.572291 | R26: 937224.38 | S26: =R26/$S$1 -> 155011.34 | T26: 0 | U26: 0 | V26: 0 | W26: 0 | X26: 0 | Y26: 0 | Z26: 0 | AA26: 0 | AB26: 0 | AC26: 0 | AD26: 0 | AE26: 0 | AF26: 0 | AG26: 0 | AH26: 0 | AI26: 0 | AJ26: 0 | AK26: 0 | AL26: 0 | AM26: 0 | AN26: 0 | AO26: 0 | AP26: 0 | AQ26: 0 | AR26: 0 | AS26: 0 | AT26: 0 | AU26: 0 | AV26: 0 | AW26: 0 | AX26: 0 | AY26: 0 | AZ26: 0 | BA26: 0 | BB26: 0 | BC26: 0 | BD26: 0 | BE26: 0 | BF26: 0 | BG26: 0 | BH26: 0 | BI26: 0 | BJ26: 0 | BK26: 0 | BL26: 0 | BM26: =SUM(E26,J26,O26,T26,Y26,AD26,AI26,AN26,AS26,AX26,BC26,BH26) -> 60282 | BN26: =SUM(H26,M26,R26,W26,AB26,AG26,AL26,AQ26,AV26,BA26,BF26,BK26) -> 937224.38 | BO26: =SUM(I26,N26,S26,X26,AC26,AH26,AM26,AR26,AW26,BB26,BG26,BL26) -> 155011.34 | BP26: =IF(BM26=0,"",BO26/BM26) -> 2.5714365 | BQ26: Print
A27: MALT01 / MALTA-DECOR SP. Z O. O. / POL | B27: 7004817 | C27: PBM 02 0204 050 MALT | D27: 1870 | E27: 0 | F27: 0 | G27: 0 | H27: 0 | I27: 0 | J27: 0 | K27: 0 | L27: 0 | M27: 0 | N27: 0 | O27: 0 | P27: 0 | Q27: 0 | R27: 0 | S27: 0 | T27: 0 | U27: 0 | V27: 0 | W27: 0 | X27: 0 | Y27: 0 | Z27: 0 | AA27: 0 | AB27: 0 | AC27: 0 | AD27: 1034 | AE27: 12.84 | AF27: =AE27/$AH$1 -> 2.1759463 | AG27: 13275.07 | AH27: =AG27/$AH$1 -> 2249.676 | AI27: 0 | AJ27: 0 | AK27: 0 | AL27: 0 | AM27: 0 | AN27: 0 | AO27: 0 | AP27: 0 | AQ27: 0 | AR27: 0 | AS27: 0 | AT27: 0 | AU27: 0 | AV27: 0 | AW27: 0 | AX27: 0 | AY27: 0 | AZ27: 0 | BA27: 0 | BB27: 0 | BC27: 0 | BD27: 0 | BE27: 0 | BF27: 0 | BG27: 0 | BH27: 0 | BI27: 0 | BJ27: 0 | BK27: 0 | BL27: 0 | BM27: =SUM(E27,J27,O27,T27,Y27,AD27,AI27,AN27,AS27,AX27,BC27,BH27) -> 1034 | BN27: =SUM(H27,M27,R27,W27,AB27,AG27,AL27,AQ27,AV27,BA27,BF27,BK27) -> 13275.07 | BO27: =SUM(I27,N27,S27,X27,AC27,AH27,AM27,AR27,AW27,BB27,BG27,BL27) -> 2249.676 | BP27: =IF(BM27=0,"",BO27/BM27) -> 2.1757021 | BQ27: Print
A28: MLTV01 / VF PAPEIS S.A. / BRA | B28: 10.801 | C28: MVP FINISH FOIL BRANCO 40 G/M² 1900MM (FSC MC) | D28: 1900 | E28: 30236 | F28: 13.899908 | G28: 2.2146722 | H28: 420277.62 | I28: 66962.828 | J28: 15029 | K28: 14.103635 | L28: 2.2927233 | M28: 211963.53 | N28: 34457.338 | O28: 0 | P28: 0 | Q28: 0 | R28: 0 | S28: 0 | T28: 0 | U28: 0 | V28: 0 | W28: 0 | X28: 0 | Y28: 0 | Z28: 0 | AA28: 0 | AB28: 0 | AC28: 0 | AD28: 0 | AE28: 0 | AF28: 0 | AG28: 0 | AH28: 0 | AI28: 0 | AJ28: 0 | AK28: 0 | AL28: 0 | AM28: 0 | AN28: 0 | AO28: 0 | AP28: 0 | AQ28: 0 | AR28: 0 | AS28: 0 | AT28: 0 | AU28: 0 | AV28: 0 | AW28: 0 | AX28: 0 | AY28: 0 | AZ28: 0 | BA28: 0 | BB28: 0 | BC28: 0 | BD28: 0 | BE28: 0 | BF28: 0 | BG28: 0 | BH28: 0 | BI28: 0 | BJ28: 0 | BK28: 0 | BL28: 0 | BM28: =SUM(E28,J28,O28,T28,Y28,AD28,AI28,AN28,AS28,AX28,BC28,BH28) -> 45265 | BN28: =SUM(H28,M28,R28,W28,AB28,AG28,AL28,AQ28,AV28,BA28,BF28,BK28) -> 632241.15 | BO28: =SUM(I28,N28,S28,X28,AC28,AH28,AM28,AR28,AW28,BB28,BG28,BL28) -> 101420.17 | BP28: =IF(BM28=0,"",BO28/BM28) -> 2.2405869 | BQ28: FF
A29: MLTV01 / VF PAPEIS S.A. / BRA | B29: 10.805 | C29: MVP FINISH FOIL PARDO 40 G/M² 1900MM (FSC MC) | D29: 1900 | E29: 14324 | F29: 12.363746 | G29: 1.9699155 | H29: 177098.3 | I29: 28217.07 | J29: 30382 | K29: 12.468439 | L29: 2.0269016 | M29: 378816.11 | N29: 61581.324 | O29: 0 | P29: 0 | Q29: 0 | R29: 0 | S29: 0 | T29: 0 | U29: 0 | V29: 0 | W29: 0 | X29: 0 | Y29: 0 | Z29: 0 | AA29: 0 | AB29: 0 | AC29: 0 | AD29: 0 | AE29: 0 | AF29: 0 | AG29: 0 | AH29: 0 | AI29: 0 | AJ29: 0 | AK29: 0 | AL29: 0 | AM29: 0 | AN29: 0 | AO29: 0 | AP29: 0 | AQ29: 0 | AR29: 0 | AS29: 0 | AT29: 0 | AU29: 0 | AV29: 0 | AW29: 0 | AX29: 0 | AY29: 0 | AZ29: 0 | BA29: 0 | BB29: 0 | BC29: 0 | BD29: 0 | BE29: 0 | BF29: 0 | BG29: 0 | BH29: 0 | BI29: 0 | BJ29: 0 | BK29: 0 | BL29: 0 | BM29: =SUM(E29,J29,O29,T29,Y29,AD29,AI29,AN29,AS29,AX29,BC29,BH29) -> 44706 | BN29: =SUM(H29,M29,R29,W29,AB29,AG29,AL29,AQ29,AV29,BA29,BF29,BK29) -> 555914.41 | BO29: =SUM(I29,N29,S29,X29,AC29,AH29,AM29,AR29,AW29,BB29,BG29,BL29) -> 89798.394 | BP29: =IF(BM29=0,"",BO29/BM29) -> 2.008643 | BQ29: FF
A30: MLTV01 / VF PAPEIS S.A. / BRA | B30: 10.860 | C30: MVP FFOIL BRANCO SUPER OPACIDADE 40 G/M2 1900MM (FSC MC) | D30: 1900 | E30: 26786 | F30: 18.913534 | G30: 3.0134932 | H30: 506617.92 | I30: 80719.428 | J30: 0 | K30: 0 | L30: 0 | M30: 0 | N30: 0 | O30: 0 | P30: 0 | Q30: 0 | R30: 0 | S30: 0 | T30: 0 | U30: 0 | V30: 0 | W30: 0 | X30: 0 | Y30: 0 | Z30: 0 | AA30: 0 | AB30: 0 | AC30: 0 | AD30: 0 | AE30: 0 | AF30: 0 | AG30: 0 | AH30: 0 | AI30: 0 | AJ30: 0 | AK30: 0 | AL30: 0 | AM30: 0 | AN30: 0 | AO30: 0 | AP30: 0 | AQ30: 0 | AR30: 0 | AS30: 0 | AT30: 0 | AU30: 0 | AV30: 0 | AW30: 0 | AX30: 0 | AY30: 0 | AZ30: 0 | BA30: 0 | BB30: 0 | BC30: 0 | BD30: 0 | BE30: 0 | BF30: 0 | BG30: 0 | BH30: 0 | BI30: 0 | BJ30: 0 | BK30: 0 | BL30: 0 | BM30: =SUM(E30,J30,O30,T30,Y30,AD30,AI30,AN30,AS30,AX30,BC30,BH30) -> 26786 | BN30: =SUM(H30,M30,R30,W30,AB30,AG30,AL30,AQ30,AV30,BA30,BF30,BK30) -> 506617.92 | BO30: =SUM(I30,N30,S30,X30,AC30,AH30,AM30,AR30,AW30,BB30,BG30,BL30) -> 80719.428 | BP30: =IF(BM30=0,"",BO30/BM30) -> 3.0134932 | BQ30: FF
A31: MLTV01 / VF PAPEIS S.A. / BRA | B31: 7000470 | C31: PIP 01 9371 040 VERD HIGH OP | D31: 1900 | E31: 0 | F31: 0 | G31: 0 | H31: 0 | I31: 0 | J31: 0 | K31: 0 | L31: 0 | M31: 0 | N31: 0 | O31: 53054 | P31: 24.835 | Q31: =P31/$S$1 -> 4.1075613 | R31: 1316695.2 | S31: =R31/$S$1 -> 217773.55 | T31: 23950 | U31: 25.25 | V31: =U31/$X$1 -> 4.2869088 | W31: 604696.79 | X31: =W31/$X$1 -> 102664.55 | Y31: 0 | Z31: 0 | AA31: 0 | AB31: 0 | AC31: 0 | AD31: 0 | AE31: 0 | AF31: 0 | AG31: 0 | AH31: 0 | AI31: 0 | AJ31: 0 | AK31: 0 | AL31: 0 | AM31: 0 | AN31: 0 | AO31: 0 | AP31: 0 | AQ31: 0 | AR31: 0 | AS31: 0 | AT31: 0 | AU31: 0 | AV31: 0 | AW31: 0 | AX31: 0 | AY31: 0 | AZ31: 0 | BA31: 0 | BB31: 0 | BC31: 0 | BD31: 0 | BE31: 0 | BF31: 0 | BG31: 0 | BH31: 0 | BI31: 0 | BJ31: 0 | BK31: 0 | BL31: 0 | BM31: =SUM(E31,J31,O31,T31,Y31,AD31,AI31,AN31,AS31,AX31,BC31,BH31) -> 77004 | BN31: =SUM(H31,M31,R31,W31,AB31,AG31,AL31,AQ31,AV31,BA31,BF31,BK31) -> 1921392 | BO31: =SUM(I31,N31,S31,X31,AC31,AH31,AM31,AR31,AW31,BB31,BG31,BL31) -> 320438.1 | BP31: =IF(BM31=0,"",BO31/BM31) -> 4.1613176 | BQ31: FF
A32: MLTV01 / VF PAPEIS S.A. / BRA | B32: 7000471 | C32: PIP 01 9372 040 VERD | D32: 1900 | E32: 0 | F32: 0 | G32: 0 | H32: 0 | I32: 0 | J32: 0 | K32: 0 | L32: 0 | M32: 0 | N32: 0 | O32: 14794 | P32: 18.64 | Q32: =P32/$S$1 -> 3.0829451 | R32: 275742.7 | S32: =R32/$S$1 -> 45606.202 | T32: 30646 | U32: 18.64 | V32: =U32/$X$1 -> 3.1646725 | W32: 571205.28 | X32: =W32/$X$1 -> 96978.414 | Y32: 15407 | Z32: 18.64 | AA32: =Z32/$AC$1 -> 3.2035253 | AB32: 287168.3 | AC32: =AB32/$AC$1 -> 49353.589 | AD32: 12201 | AE32: 18.64 | AF32: 3.1588504 | AG32: 227412.24 | AH32: 38538.693 | AI32: 0 | AJ32: 0 | AK32: 0 | AL32: 0 | AM32: 0 | AN32: 0 | AO32: 0 | AP32: 0 | AQ32: 0 | AR32: 0 | AS32: 0 | AT32: 0 | AU32: 0 | AV32: 0 | AW32: 0 | AX32: 0 | AY32: 0 | AZ32: 0 | BA32: 0 | BB32: 0 | BC32: 0 | BD32: 0 | BE32: 0 | BF32: 0 | BG32: 0 | BH32: 0 | BI32: 0 | BJ32: 0 | BK32: 0 | BL32: 0 | BM32: =SUM(E32,J32,O32,T32,Y32,AD32,AI32,AN32,AS32,AX32,BC32,BH32) -> 73048 | BN32: =SUM(H32,M32,R32,W32,AB32,AG32,AL32,AQ32,AV32,BA32,BF32,BK32) -> 1361528.5 | BO32: =SUM(I32,N32,S32,X32,AC32,AH32,AM32,AR32,AW32,BB32,BG32,BL32) -> 230476.9 | BP32: =IF(BM32=0,"",BO32/BM32) -> 3.1551432 | BQ32: FF
A33: MLTV01 / VF PAPEIS S.A. / BRA | B33: 7000473 | C33: PIP 02 9374 040 VERD | D33: 1900 | E33: 0 | F33: 0 | G33: 0 | H33: 0 | I33: 0 | J33: 0 | K33: 0 | L33: 0 | M33: 0 | N33: 0 | O33: 15704 | P33: 16.25 | Q33: =P33/$S$1 -> 2.6876533 | R33: 255250.93 | S33: =R33/$S$1 -> 42216.985 | T33: 16069 | U33: 16.25 | V33: =U33/$X$1 -> 2.7589017 | W33: 261183.6 | X33: =W33/$X$1 -> 44343.377 | Y33: 0 | Z33: 0 | AA33: 0 | AB33: 0 | AC33: 0 | AD33: 0 | AE33: 0 | AF33: 0 | AG33: 0 | AH33: 0 | AI33: 0 | AJ33: 0 | AK33: 0 | AL33: 0 | AM33: 0 | AN33: 0 | AO33: 0 | AP33: 0 | AQ33: 0 | AR33: 0 | AS33: 0 | AT33: 0 | AU33: 0 | AV33: 0 | AW33: 0 | AX33: 0 | AY33: 0 | AZ33: 0 | BA33: 0 | BB33: 0 | BC33: 0 | BD33: 0 | BE33: 0 | BF33: 0 | BG33: 0 | BH33: 0 | BI33: 0 | BJ33: 0 | BK33: 0 | BL33: 0 | BM33: =SUM(E33,J33,O33,T33,Y33,AD33,AI33,AN33,AS33,AX33,BC33,BH33) -> 31773 | BN33: =SUM(H33,M33,R33,W33,AB33,AG33,AL33,AQ33,AV33,BA33,BF33,BK33) -> 516434.53 | BO33: =SUM(I33,N33,S33,X33,AC33,AH33,AM33,AR33,AW33,BB33,BG33,BL33) -> 86560.363 | BP33: =IF(BM33=0,"",BO33/BM33) -> 2.7243371 | BQ33: FF
A34: MLTV01 / VF PAPEIS S.A. / BRA | B34: 7000476 | C34: PIP 07 9377 040 VERD | D34: 1900 | E34: 0 | F34: 0 | G34: 0 | H34: 0 | I34: 0 | J34: 0 | K34: 0 | L34: 0 | M34: 0 | N34: 0 | O34: 12744 | P34: 22.08 | Q34: =P34/$S$1 -> 3.6519007 | R34: 281352.98 | S34: =R34/$S$1 -> 46534.109 | T34: 0 | U34: 0 | V34: 0 | W34: 0 | X34: 0 | Y34: 0 | Z34: 0 | AA34: 0 | AB34: 0 | AC34: 0 | AD34: 12000 | AE34: 22.08 | AF34: 3.7418142 | AG34: 264927.48 | AH34: 44896.259 | AI34: 0 | AJ34: 0 | AK34: 0 | AL34: 0 | AM34: 0 | AN34: 0 | AO34: 0 | AP34: 0 | AQ34: 0 | AR34: 0 | AS34: 0 | AT34: 0 | AU34: 0 | AV34: 0 | AW34: 0 | AX34: 0 | AY34: 0 | AZ34: 0 | BA34: 0 | BB34: 0 | BC34: 0 | BD34: 0 | BE34: 0 | BF34: 0 | BG34: 0 | BH34: 0 | BI34: 0 | BJ34: 0 | BK34: 0 | BL34: 0 | BM34: =SUM(E34,J34,O34,T34,Y34,AD34,AI34,AN34,AS34,AX34,BC34,BH34) -> 24744 | BN34: =SUM(H34,M34,R34,W34,AB34,AG34,AL34,AQ34,AV34,BA34,BF34,BK34) -> 546280.46 | BO34: =SUM(I34,N34,S34,X34,AC34,AH34,AM34,AR34,AW34,BB34,BG34,BL34) -> 91430.368 | BP34: =IF(BM34=0,"",BO34/BM34) -> 3.6950521 | BQ34: FF
A35: MUNK01 / MUNKSJO UNTERKOCHEN GMBH / DEU | B35: 7002370 | C35: PBM 02 0301 065 MUNK | D35: 1870 | E35: 0 | F35: 0 | G35: 0 | H35: 0 | I35: 0 | J35: 0 | K35: 0 | L35: 0 | M35: 0 | N35: 0 | O35: 0 | P35: 0 | Q35: 0 | R35: 0 | S35: 0 | T35: 0 | U35: 0 | V35: =U35/$X$1 -> 0 | W35: 0 | X35: =W35/$X$1 -> 0 | Y35: 25408 | Z35: 13.01 | AA35: =Z35/$AC$1 -> 2.2359369 | AB35: 330610.17 | AC35: =AB35/$AC$1 -> 56819.637 | AD35: 0 | AE35: 0 | AF35: 0 | AG35: 0 | AH35: 0 | AI35: 0 | AJ35: 0 | AK35: 0 | AL35: 0 | AM35: 0 | AN35: 0 | AO35: 0 | AP35: 0 | AQ35: 0 | AR35: 0 | AS35: 0 | AT35: 0 | AU35: 0 | AV35: 0 | AW35: 0 | AX35: 0 | AY35: 0 | AZ35: 0 | BA35: 0 | BB35: 0 | BC35: 0 | BD35: 0 | BE35: 0 | BF35: 0 | BG35: 0 | BH35: 0 | BI35: 0 | BJ35: 0 | BK35: 0 | BL35: 0 | BM35: =SUM(E35,J35,O35,T35,Y35,AD35,AI35,AN35,AS35,AX35,BC35,BH35) -> 25408 | BN35: =SUM(H35,M35,R35,W35,AB35,AG35,AL35,AQ35,AV35,BA35,BF35,BK35) -> 330610.17 | BO35: =SUM(I35,N35,S35,X35,AC35,AH35,AM35,AR35,AW35,BB35,BG35,BL35) -> 56819.637 | BP35: =IF(BM35=0,"",BO35/BM35) -> 2.2362892 | BQ35: Print
A36: MUNK01 / MUNKSJO UNTERKOCHEN GMBH / DEU | B36: 7002370 | C36: PBM 02 0301 065 MUNK | D36: 2175 | E36: 0 | F36: 0 | G36: 0 | H36: 0 | I36: 0 | J36: 0 | K36: 0 | L36: 0 | M36: 0 | N36: 0 | O36: 0 | P36: 0 | Q36: 0 | R36: 0 | S36: 0 | T36: 0 | U36: 0 | V36: =U36/$X$1 -> 0 | W36: 0 | X36: =W36/$X$1 -> 0 | Y36: 10854 | Z36: 13.01 | AA36: =Z36/$AC$1 -> 2.2359369 | AB36: 141232.79 | AC36: =AB36/$AC$1 -> 24272.683 | AD36: 0 | AE36: 0 | AF36: 0 | AG36: 0 | AH36: 0 | AI36: 0 | AJ36: 0 | AK36: 0 | AL36: 0 | AM36: 0 | AN36: 0 | AO36: 0 | AP36: 0 | AQ36: 0 | AR36: 0 | AS36: 0 | AT36: 0 | AU36: 0 | AV36: 0 | AW36: 0 | AX36: 0 | AY36: 0 | AZ36: 0 | BA36: 0 | BB36: 0 | BC36: 0 | BD36: 0 | BE36: 0 | BF36: 0 | BG36: 0 | BH36: 0 | BI36: 0 | BJ36: 0 | BK36: 0 | BL36: 0 | BM36: =SUM(E36,J36,O36,T36,Y36,AD36,AI36,AN36,AS36,AX36,BC36,BH36) -> 10854 | BN36: =SUM(H36,M36,R36,W36,AB36,AG36,AL36,AQ36,AV36,BA36,BF36,BK36) -> 141232.79 | BO36: =SUM(I36,N36,S36,X36,AC36,AH36,AM36,AR36,AW36,BB36,BG36,BL36) -> 24272.683 | BP36: =IF(BM36=0,"",BO36/BM36) -> 2.2362892 | BQ36: Print
A37: MUNK04 / MUNKSJO PAPER S/A DETTINGEN / DEU | B37: 7000469 | C37: PIP 01 9370 070 MUNK PO NEW WHITE | D37: 1880 | E37: 0 | F37: 0 | G37: 0 | H37: 0 | I37: 0 | J37: 0 | K37: 0 | L37: 0 | M37: 0 | N37: 0 | O37: 38638 | P37: 16.09 | Q37: =P37/$S$1 -> 2.6611903 | R37: 621616.34 | S37: =R37/$S$1 -> 102811.64 | T37: 95470 | U37: 15.62 | V37: =U37/$X$1 -> 2.6519412 | W37: 1491347.9 | X37: =W37/$X$1 -> 253198.92 | Y37: 48397 | Z37: 15.06 | AA37: =Z37/$AC$1 -> 2.5882559 | AB37: 729092.67 | AC37: =AB37/$AC$1 -> 125304.01 | AD37: 24241 | AE37: 15.50177 | AF37: =AE37/$AH$1 -> 2.6270263 | AG37: 375778.4 | AH37: =AG37/$AH$1 -> 63681.746 | AI37: 0 | AJ37: 0 | AK37: 0 | AL37: 0 | AM37: 0 | AN37: 0 | AO37: 0 | AP37: 0 | AQ37: 0 | AR37: 0 | AS37: 0 | AT37: 0 | AU37: 0 | AV37: 0 | AW37: 0 | AX37: 0 | AY37: 0 | AZ37: 0 | BA37: 0 | BB37: 0 | BC37: 0 | BD37: 0 | BE37: 0 | BF37: 0 | BG37: 0 | BH37: 0 | BI37: 0 | BJ37: 0 | BK37: 0 | BL37: 0 | BM37: =SUM(E37,J37,O37,T37,Y37,AD37,AI37,AN37,AS37,AX37,BC37,BH37) -> 206746 | BN37: =SUM(H37,M37,R37,W37,AB37,AG37,AL37,AQ37,AV37,BA37,BF37,BK37) -> 3217835.4 | BO37: =SUM(I37,N37,S37,X37,AC37,AH37,AM37,AR37,AW37,BB37,BG37,BL37) -> 544996.32 | BP37: =IF(BM37=0,"",BO37/BM37) -> 2.636067 | BQ37: FF
A38: MUNK04 / MUNKSJO PAPER S/A DETTINGEN / DEU | B38: 10.255 | C38: MUNKSJO 9370-070 PO MFOIL WHITE 70G/M² 1880MM (FSC MC) | D38: 1880 | E38: 46994 | F38: 20.444538 | G38: 3.257428 | H38: 960770.62 | I38: 153079.57 | J38: 0 | K38: 0 | L38: 0 | M38: 0 | N38: 0 | O38: 0 | P38: 0 | Q38: 0 | R38: 0 | S38: 0 | T38: 0 | U38: 0 | V38: 0 | W38: 0 | X38: 0 | Y38: 0 | Z38: 0 | AA38: 0 | AB38: 0 | AC38: 0 | AD38: 0 | AE38: 0 | AF38: 0 | AG38: 0 | AH38: 0 | AI38: 0 | AJ38: 0 | AK38: 0 | AL38: 0 | AM38: 0 | AN38: 0 | AO38: 0 | AP38: 0 | AQ38: 0 | AR38: 0 | AS38: 0 | AT38: 0 | AU38: 0 | AV38: 0 | AW38: 0 | AX38: 0 | AY38: 0 | AZ38: 0 | BA38: 0 | BB38: 0 | BC38: 0 | BD38: 0 | BE38: 0 | BF38: 0 | BG38: 0 | BH38: 0 | BI38: 0 | BJ38: 0 | BK38: 0 | BL38: 0 | BM38: =SUM(E38,J38,O38,T38,Y38,AD38,AI38,AN38,AS38,AX38,BC38,BH38) -> 46994 | BN38: =SUM(H38,M38,R38,W38,AB38,AG38,AL38,AQ38,AV38,BA38,BF38,BK38) -> 960770.62 | BO38: =SUM(I38,N38,S38,X38,AC38,AH38,AM38,AR38,AW38,BB38,BG38,BL38) -> 153079.57 | BP38: =IF(BM38=0,"",BO38/BM38) -> 3.257428 | BQ38: FF
A39: MUNK04 / MUNKSJO PAPER S/A DETTINGEN / DEU | B39: 7000466 | C39: PIP 01 9370 070 MUNK PO MFOIL | D39: 1880 | E39: 0 | F39: 0 | G39: 0 | H39: 0 | I39: 0 | J39: 0 | K39: 0 | L39: 0 | M39: 0 | N39: 0 | O39: 9768 | P39: 17.78 | Q39: =P39/$S$1 -> 2.9407062 | R39: 173691.72 | S39: =R39/$S$1 -> 28727.577 | T39: 0 | U39: 0 | V39: 0 | W39: 0 | X39: 0 | Y39: 0 | Z39: 0 | AA39: 0 | AB39: 0 | AC39: 0 | AD39: 0 | AE39: 0 | AF39: 0 | AG39: 0 | AH39: 0 | AI39: 0 | AJ39: 0 | AK39: 0 | AL39: 0 | AM39: 0 | AN39: 0 | AO39: 0 | AP39: 0 | AQ39: 0 | AR39: 0 | AS39: 0 | AT39: 0 | AU39: 0 | AV39: 0 | AW39: 0 | AX39: 0 | AY39: 0 | AZ39: 0 | BA39: 0 | BB39: 0 | BC39: 0 | BD39: 0 | BE39: 0 | BF39: 0 | BG39: 0 | BH39: 0 | BI39: 0 | BJ39: 0 | BK39: 0 | BL39: 0 | BM39: =SUM(E39,J39,O39,T39,Y39,AD39,AI39,AN39,AS39,AX39,BC39,BH39) -> 9768 | BN39: =SUM(H39,M39,R39,W39,AB39,AG39,AL39,AQ39,AV39,BA39,BF39,BK39) -> 173691.72 | BO39: =SUM(I39,N39,S39,X39,AC39,AH39,AM39,AR39,AW39,BB39,BG39,BL39) -> 28727.577 | BP39: =IF(BM39=0,"",BO39/BM39) -> 2.9409887 | BQ39: FF
A40: MUNK04 / MUNKSJO PAPER S/A DETTINGEN / DEU | B40: 7002366 | C40: DPU 07 0080 080 MUNK | D40: 1860 | E40: 0 | F40: 0 | G40: 0 | H40: 0 | I40: 0 | J40: 0 | K40: 0 | L40: 0 | M40: 0 | N40: 0 | O40: 0 | P40: 0 | Q40: 0 | R40: 0 | S40: 0 | T40: 0 | U40: 0 | V40: 0 | W40: 0 | X40: 0 | Y40: 0 | Z40: 0 | AA40: 0 | AB40: 0 | AC40: 0 | AD40: 818 | AE40: 16.37 | AF40: =AE40/$AH$1 -> 2.7741621 | AG40: 13390.09 | AH40: =AG40/$AH$1 -> 2269.168 | AI40: 0 | AJ40: 0 | AK40: 0 | AL40: 0 | AM40: 0 | AN40: 0 | AO40: 0 | AP40: 0 | AQ40: 0 | AR40: 0 | AS40: 0 | AT40: 0 | AU40: 0 | AV40: 0 | AW40: 0 | AX40: 0 | AY40: 0 | AZ40: 0 | BA40: 0 | BB40: 0 | BC40: 0 | BD40: 0 | BE40: 0 | BF40: 0 | BG40: 0 | BH40: 0 | BI40: 0 | BJ40: 0 | BK40: 0 | BL40: 0 | BM40: =SUM(E40,J40,O40,T40,Y40,AD40,AI40,AN40,AS40,AX40,BC40,BH40) -> 818 | BN40: =SUM(H40,M40,R40,W40,AB40,AG40,AL40,AQ40,AV40,BA40,BF40,BK40) -> 13390.09 | BO40: =SUM(I40,N40,S40,X40,AC40,AH40,AM40,AR40,AW40,BB40,BG40,BL40) -> 2269.168 | BP40: =IF(BM40=0,"",BO40/BM40) -> 2.774044 | BQ40: IP | BR40: uni
A41: MUNK07 / MUNKSJO TOLOSA S.A.U. / ESP | B41: 17.425 | C41: MUNKSJÖ 1410 ECO BROWN 68G/M2 1860MM (FSC MC) | D41: 1860 | E41: 24709 | F41: 13.297213 | G41: 2.1186448 | H41: 328560.84 | I41: 52349.594 | J41: 0 | K41: 0 | L41: 0 | M41: 0 | N41: 0 | O41: 0 | P41: 0 | Q41: 0 | R41: 0 | S41: 0 | T41: 0 | U41: 0 | V41: 0 | W41: 0 | X41: 0 | Y41: 0 | Z41: 0 | AA41: 0 | AB41: 0 | AC41: 0 | AD41: 0 | AE41: 0 | AF41: 0 | AG41: 0 | AH41: 0 | AI41: 0 | AJ41: 0 | AK41: 0 | AL41: 0 | AM41: 0 | AN41: 0 | AO41: 0 | AP41: 0 | AQ41: 0 | AR41: 0 | AS41: 0 | AT41: 0 | AU41: 0 | AV41: 0 | AW41: 0 | AX41: 0 | AY41: 0 | AZ41: 0 | BA41: 0 | BB41: 0 | BC41: 0 | BD41: 0 | BE41: 0 | BF41: 0 | BG41: 0 | BH41: 0 | BI41: 0 | BJ41: 0 | BK41: 0 | BL41: 0 | BM41: =SUM(E41,J41,O41,T41,Y41,AD41,AI41,AN41,AS41,AX41,BC41,BH41) -> 24709 | BN41: =SUM(H41,M41,R41,W41,AB41,AG41,AL41,AQ41,AV41,BA41,BF41,BK41) -> 328560.84 | BO41: =SUM(I41,N41,S41,X41,AC41,AH41,AM41,AR41,AW41,BB41,BG41,BL41) -> 52349.594 | BP41: =IF(BM41=0,"",BO41/BM41) -> 2.1186448 | BQ41: Print
A42: MUNK07 / MUNKSJO TOLOSA S.A.U. / ESP | B42: 7000452 | C42: PBM 02 1410 068 MUNK | D42: 1860 | E42: 0 | F42: 0 | G42: 0 | H42: 0 | I42: 0 | J42: 0 | K42: 0 | L42: 0 | M42: 0 | N42: 0 | O42: 49744 | P42: 10.83 | Q42: =P42/$S$1 -> 1.7912176 | R42: 538542.38 | S42: =R42/$S$1 -> 89071.706 | T42: 48774 | U42: 10.55 | V42: =U42/$X$1 -> 1.7911639 | W42: 514429.96 | X42: =W42/$X$1 -> 87339.181 | Y42: 0 | Z42: 0 | AA42: 0 | AB42: 0 | AC42: 0 | AD42: 73837 | AE42: 10.647995 | AF42: =AE42/$AH$1 -> 1.8044756 | AG42: 786216.04 | AH42: =AG42/$AH$1 -> 133237.06 | AI42: 0 | AJ42: 0 | AK42: 0 | AL42: 0 | AM42: 0 | AN42: 0 | AO42: 0 | AP42: 0 | AQ42: 0 | AR42: 0 | AS42: 0 | AT42: 0 | AU42: 0 | AV42: 0 | AW42: 0 | AX42: 0 | AY42: 0 | AZ42: 0 | BA42: 0 | BB42: 0 | BC42: 0 | BD42: 0 | BE42: 0 | BF42: 0 | BG42: 0 | BH42: 0 | BI42: 0 | BJ42: 0 | BK42: 0 | BL42: 0 | BM42: =SUM(E42,J42,O42,T42,Y42,AD42,AI42,AN42,AS42,AX42,BC42,BH42) -> 172355 | BN42: =SUM(H42,M42,R42,W42,AB42,AG42,AL42,AQ42,AV42,BA42,BF42,BK42) -> 1839188.4 | BO42: =SUM(I42,N42,S42,X42,AC42,AH42,AM42,AR42,AW42,BB42,BG42,BL42) -> 309647.95 | BP42: =IF(BM42=0,"",BO42/BM42) -> 1.7965707 | BQ42: Print
A43: MUNK07 / MUNKSJO TOLOSA S.A.U. / ESP | B43: 7000454 | C43: PBM 03 1430 068 MUNK | D43: 1870 | E43: 0 | F43: 0 | G43: 0 | H43: 0 | I43: 0 | J43: 0 | K43: 0 | L43: 0 | M43: 0 | N43: 0 | O43: 24477 | P43: 11.03 | Q43: =P43/$S$1 -> 1.8242964 | R43: 270090.97 | S43: =R43/$S$1 -> 44671.44 | T43: 0 | U43: 0 | V43: 0 | W43: 0 | X43: 0 | Y43: 0 | Z43: 0 | AA43: 0 | AB43: 0 | AC43: 0 | AD43: 25088 | AE43: 10.87 | AF43: =AE43/$AH$1 -> 1.8420978 | AG43: 272816.95 | AH43: =AG43/$AH$1 -> 46233.258 | AI43: 0 | AJ43: 0 | AK43: 0 | AL43: 0 | AM43: 0 | AN43: 0 | AO43: 0 | AP43: 0 | AQ43: 0 | AR43: 0 | AS43: 0 | AT43: 0 | AU43: 0 | AV43: 0 | AW43: 0 | AX43: 0 | AY43: 0 | AZ43: 0 | BA43: 0 | BB43: 0 | BC43: 0 | BD43: 0 | BE43: 0 | BF43: 0 | BG43: 0 | BH43: 0 | BI43: 0 | BJ43: 0 | BK43: 0 | BL43: 0 | BM43: =SUM(E43,J43,O43,T43,Y43,AD43,AI43,AN43,AS43,AX43,BC43,BH43) -> 49565 | BN43: =SUM(H43,M43,R43,W43,AB43,AG43,AL43,AQ43,AV43,BA43,BF43,BK43) -> 542907.92 | BO43: =SUM(I43,N43,S43,X43,AC43,AH43,AM43,AR43,AW43,BB43,BG43,BL43) -> 90904.698 | BP43: =IF(BM43=0,"",BO43/BM43) -> 1.8340502 | BQ43: Print
A44: MUNK09 / MUNKSJO CAIEIRAS LTDA / BRA | B44: 15.432 | C44: DEKORPRINT BEIGE 752 68G/M2 1870MM TYPE2638 (FSC MC) | D44: 1870 | E44: 25502 | F44: 17.509917 | G44: 2.7898549 | H44: 446537.9 | I44: 71146.879 | J44: 0 | K44: 0 | L44: 0 | M44: 0 | N44: 0 | O44: 0 | P44: 0 | Q44: 0 | R44: 0 | S44: 0 | T44: 0 | U44: 0 | V44: 0 | W44: 0 | X44: 0 | Y44: 0 | Z44: 0 | AA44: 0 | AB44: 0 | AC44: 0 | AD44: 0 | AE44: 0 | AF44: 0 | AG44: 0 | AH44: 0 | AI44: 0 | AJ44: 0 | AK44: 0 | AL44: 0 | AM44: 0 | AN44: 0 | AO44: 0 | AP44: 0 | AQ44: 0 | AR44: 0 | AS44: 0 | AT44: 0 | AU44: 0 | AV44: 0 | AW44: 0 | AX44: 0 | AY44: 0 | AZ44: 0 | BA44: 0 | BB44: 0 | BC44: 0 | BD44: 0 | BE44: 0 | BF44: 0 | BG44: 0 | BH44: 0 | BI44: 0 | BJ44: 0 | BK44: 0 | BL44: 0 | BM44: =SUM(E44,J44,O44,T44,Y44,AD44,AI44,AN44,AS44,AX44,BC44,BH44) -> 25502 | BN44: =SUM(H44,M44,R44,W44,AB44,AG44,AL44,AQ44,AV44,BA44,BF44,BK44) -> 446537.9 | BO44: =SUM(I44,N44,S44,X44,AC44,AH44,AM44,AR44,AW44,BB44,BG44,BL44) -> 71146.879 | BP44: =IF(BM44=0,"",BO44/BM44) -> 2.7898549 | BQ44: IP | BR44: uni
A45: MUNK09 / MUNKSJO CAIEIRAS LTDA / BRA | B45: 16.004 | C45: DEKORPEL BEIGE 9080 80G/M2 1855MM (FSC MC) | D45: 1855 | E45: 4352 | F45: 18.358611 | G45: 2.9250773 | H45: 79896.675 | I45: 12729.936 | J45: 0 | K45: 0 | L45: 0 | M45: 0 | N45: 0 | O45: 0 | P45: 0 | Q45: 0 | R45: 0 | S45: 0 | T45: 0 | U45: 0 | V45: 0 | W45: 0 | X45: 0 | Y45: 0 | Z45: 0 | AA45: 0 | AB45: 0 | AC45: 0 | AD45: 0 | AE45: 0 | AF45: 0 | AG45: 0 | AH45: 0 | AI45: 0 | AJ45: 0 | AK45: 0 | AL45: 0 | AM45: 0 | AN45: 0 | AO45: 0 | AP45: 0 | AQ45: 0 | AR45: 0 | AS45: 0 | AT45: 0 | AU45: 0 | AV45: 0 | AW45: 0 | AX45: 0 | AY45: 0 | AZ45: 0 | BA45: 0 | BB45: 0 | BC45: 0 | BD45: 0 | BE45: 0 | BF45: 0 | BG45: 0 | BH45: 0 | BI45: 0 | BJ45: 0 | BK45: 0 | BL45: 0 | BM45: =SUM(E45,J45,O45,T45,Y45,AD45,AI45,AN45,AS45,AX45,BC45,BH45) -> 4352 | BN45: =SUM(H45,M45,R45,W45,AB45,AG45,AL45,AQ45,AV45,BA45,BF45,BK45) -> 79896.675 | BO45: =SUM(I45,N45,S45,X45,AC45,AH45,AM45,AR45,AW45,BB45,BG45,BL45) -> 12729.936 | BP45: =IF(BM45=0,"",BO45/BM45) -> 2.9250773 | BQ45: IP | BR45: uni
A46: MUNK09 / MUNKSJO CAIEIRAS LTDA / BRA | B46: 16.064 | C46: DEKORPRINT WHITE 990 70G/M2 1870MM (FSC MC) | D46: 1870 | E46: 0 | F46: 0 | G46: 0 | H46: 0 | I46: 0 | J46: 63281 | K46: 14.109732 | L46: 2.2937144 | M46: 892877.95 | N46: 145148.54 | O46: 0 | P46: 0 | Q46: 0 | R46: 0 | S46: 0 | T46: 0 | U46: 0 | V46: 0 | W46: 0 | X46: 0 | Y46: 0 | Z46: 0 | AA46: 0 | AB46: 0 | AC46: 0 | AD46: 0 | AE46: 0 | AF46: 0 | AG46: 0 | AH46: 0 | AI46: 0 | AJ46: 0 | AK46: 0 | AL46: 0 | AM46: 0 | AN46: 0 | AO46: 0 | AP46: 0 | AQ46: 0 | AR46: 0 | AS46: 0 | AT46: 0 | AU46: 0 | AV46: 0 | AW46: 0 | AX46: 0 | AY46: 0 | AZ46: 0 | BA46: 0 | BB46: 0 | BC46: 0 | BD46: 0 | BE46: 0 | BF46: 0 | BG46: 0 | BH46: 0 | BI46: 0 | BJ46: 0 | BK46: 0 | BL46: 0 | BM46: =SUM(E46,J46,O46,T46,Y46,AD46,AI46,AN46,AS46,AX46,BC46,BH46) -> 63281 | BN46: =SUM(H46,M46,R46,W46,AB46,AG46,AL46,AQ46,AV46,BA46,BF46,BK46) -> 892877.95 | BO46: =SUM(I46,N46,S46,X46,AC46,AH46,AM46,AR46,AW46,BB46,BG46,BL46) -> 145148.54 | BP46: =IF(BM46=0,"",BO46/BM46) -> 2.2937144 | BQ46: Print
A47: MUNK09 / MUNKSJO CAIEIRAS LTDA / BRA | B47: 16.068 | C47: DEKORPEL WHITE 963 78G/M2 1855MM (FSC MC) | D47: 1855 | E47: 47661 | F47: 14.004961 | G47: 2.2314103 | H47: 667490.45 | I47: 106351.25 | J47: 88689 | K47: 14.098053 | L47: 2.2918158 | M47: 1250342.2 | N47: 203258.85 | O47: 0 | P47: 0 | Q47: 0 | R47: 0 | S47: 0 | T47: 0 | U47: 0 | V47: 0 | W47: 0 | X47: 0 | Y47: 0 | Z47: 0 | AA47: 0 | AB47: 0 | AC47: 0 | AD47: 0 | AE47: 0 | AF47: 0 | AG47: 0 | AH47: 0 | AI47: 0 | AJ47: 0 | AK47: 0 | AL47: 0 | AM47: 0 | AN47: 0 | AO47: 0 | AP47: 0 | AQ47: 0 | AR47: 0 | AS47: 0 | AT47: 0 | AU47: 0 | AV47: 0 | AW47: 0 | AX47: 0 | AY47: 0 | AZ47: 0 | BA47: 0 | BB47: 0 | BC47: 0 | BD47: 0 | BE47: 0 | BF47: 0 | BG47: 0 | BH47: 0 | BI47: 0 | BJ47: 0 | BK47: 0 | BL47: 0 | BM47: =SUM(E47,J47,O47,T47,Y47,AD47,AI47,AN47,AS47,AX47,BC47,BH47) -> 136350 | BN47: =SUM(H47,M47,R47,W47,AB47,AG47,AL47,AQ47,AV47,BA47,BF47,BK47) -> 1917832.7 | BO47: =SUM(I47,N47,S47,X47,AC47,AH47,AM47,AR47,AW47,BB47,BG47,BL47) -> 309610.1 | BP47: =IF(BM47=0,"",BO47/BM47) -> 2.2707011 | BQ47: IP | BR47: white
A48: MUNK09 / MUNKSJO CAIEIRAS LTDA / BRA | B48: 7000403 | C48: DPU 01 0104 070 MUNK (990) | D48: 1870 | E48: 0 | F48: 0 | G48: 0 | H48: 0 | I48: 0 | J48: 0 | K48: 0 | L48: 0 | M48: 0 | N48: 0 | O48: 32445 | P48: 17.41 | Q48: =P48/$S$1 -> 2.8795104 | R48: 564991.39 | S48: =R48/$S$1 -> 93446.215 | T48: 0 | U48: 0 | V48: 0 | W48: 0 | X48: 0 | Y48: 0 | Z48: 0 | AA48: 0 | AB48: 0 | AC48: 0 | AD48: 51105 | AE48: 18.424117 | AF48: =AE48/$AH$1 -> 3.1222655 | AG48: 941564.51 | AH48: =AG48/$AH$1 -> 159563.38 | AI48: 0 | AJ48: 0 | AK48: 0 | AL48: 0 | AM48: 0 | AN48: 0 | AO48: 0 | AP48: 0 | AQ48: 0 | AR48: 0 | AS48: 0 | AT48: 0 | AU48: 0 | AV48: 0 | AW48: 0 | AX48: 0 | AY48: 0 | AZ48: 0 | BA48: 0 | BB48: 0 | BC48: 0 | BD48: 0 | BE48: 0 | BF48: 0 | BG48: 0 | BH48: 0 | BI48: 0 | BJ48: 0 | BK48: 0 | BL48: 0 | BM48: =SUM(E48,J48,O48,T48,Y48,AD48,AI48,AN48,AS48,AX48,BC48,BH48) -> 83550 | BN48: =SUM(H48,M48,R48,W48,AB48,AG48,AL48,AQ48,AV48,BA48,BF48,BK48) -> 1506555.9 | BO48: =SUM(I48,N48,S48,X48,AC48,AH48,AM48,AR48,AW48,BB48,BG48,BL48) -> 253009.6 | BP48: =IF(BM48=0,"",BO48/BM48) -> 3.0282417 | BQ48: Print
A49: MUNK09 / MUNKSJO CAIEIRAS LTDA / BRA | B49: 7000403 | C49: DPU 01 0104 070 MUNK (990) | D49: 2175 | E49: 0 | F49: 0 | G49: 0 | H49: 0 | I49: 0 | J49: 0 | K49: 0 | L49: 0 | M49: 0 | N49: 0 | O49: 20165 | P49: 17.41 | Q49: =P49/$S$1 -> 2.8795104 | R49: 351149.68 | S49: =R49/$S$1 -> 58078.068 | T49: 0 | U49: 0 | V49: 0 | W49: 0 | X49: 0 | Y49: 21078 | Z49: 18.42 | AA49: =Z49/$AC$1 -> 3.1657154 | AB49: 388343.54 | AC49: =AB49/$AC$1 -> 66741.864 | AD49: 0 | AE49: 0 | AF49: 0 | AG49: 0 | AH49: 0 | AI49: 0 | AJ49: 0 | AK49: 0 | AL49: 0 | AM49: 0 | AN49: 0 | AO49: 0 | AP49: 0 | AQ49: 0 | AR49: 0 | AS49: 0 | AT49: 0 | AU49: 0 | AV49: 0 | AW49: 0 | AX49: 0 | AY49: 0 | AZ49: 0 | BA49: 0 | BB49: 0 | BC49: 0 | BD49: 0 | BE49: 0 | BF49: 0 | BG49: 0 | BH49: 0 | BI49: 0 | BJ49: 0 | BK49: 0 | BL49: 0 | BM49: =SUM(E49,J49,O49,T49,Y49,AD49,AI49,AN49,AS49,AX49,BC49,BH49) -> 41243 | BN49: =SUM(H49,M49,R49,W49,AB49,AG49,AL49,AQ49,AV49,BA49,BF49,BK49) -> 739493.22 | BO49: =SUM(I49,N49,S49,X49,AC49,AH49,AM49,AR49,AW49,BB49,BG49,BL49) -> 124819.93 | BP49: =IF(BM49=0,"",BO49/BM49) -> 3.0264513 | BQ49: Print
A50: MUNK09 / MUNKSJO CAIEIRAS LTDA / BRA | B50: 7000440 | C50: PBM 02 8269 068 MUNK (756) | D50: 1270 | E50: 0 | F50: 0 | G50: 0 | H50: 0 | I50: 0 | J50: 0 | K50: 0 | L50: 0 | M50: 0 | N50: 0 | O50: 18965 | P50: 23.16 | Q50: =P50/$S$1 -> 3.8305262 | R50: 439182.93 | S50: =R50/$S$1 -> 72638.244 | T50: 38354 | U50: 24.5 | V50: =U50/$X$1 -> 4.1595749 | W50: 939719.07 | X50: =W50/$X$1 -> 159544.16 | Y50: 0 | Z50: 0 | AA50: 0 | AB50: 0 | AC50: 0 | AD50: 10704 | AE50: 24.501202 | AF50: =AE50/$AH$1 -> 4.1521262 | AG50: 262260.87 | AH50: =AG50/$AH$1 -> 44444.359 | AI50: 0 | AJ50: 0 | AK50: 0 | AL50: 0 | AM50: 0 | AN50: 0 | AO50: 0 | AP50: 0 | AQ50: 0 | AR50: 0 | AS50: 0 | AT50: 0 | AU50: 0 | AV50: 0 | AW50: 0 | AX50: 0 | AY50: 0 | AZ50: 0 | BA50: 0 | BB50: 0 | BC50: 0 | BD50: 0 | BE50: 0 | BF50: 0 | BG50: 0 | BH50: 0 | BI50: 0 | BJ50: 0 | BK50: 0 | BL50: 0 | BM50: =SUM(E50,J50,O50,T50,Y50,AD50,AI50,AN50,AS50,AX50,BC50,BH50) -> 68023 | BN50: =SUM(H50,M50,R50,W50,AB50,AG50,AL50,AQ50,AV50,BA50,BF50,BK50) -> 1641162.9 | BO50: =SUM(I50,N50,S50,X50,AC50,AH50,AM50,AR50,AW50,BB50,BG50,BL50) -> 276626.76 | BP50: =IF(BM50=0,"",BO50/BM50) -> 4.0666651 | BQ50: Print
A51: MUNK09 / MUNKSJO CAIEIRAS LTDA / BRA | B51: 7000448 | C51: PBM 02 2638 068 MUNK (752) | D51: 1870 | E51: 0 | F51: 0 | G51: 0 | H51: 0 | I51: 0 | J51: 0 | K51: 0 | L51: 0 | M51: 0 | N51: 0 | O51: 25581 | P51: 21.86 | Q51: =P51/$S$1 -> 3.615514 | R51: 559296.13 | S51: =R51/$S$1 -> 92504.253 | T51: 0 | U51: 0 | V51: 0 | W51: 0 | X51: 0 | Y51: 0 | Z51: 0 | AA51: 0 | AB51: 0 | AC51: 0 | AD51: 0 | AE51: 0 | AF51: 0 | AG51: 0 | AH51: 0 | AI51: 0 | AJ51: 0 | AK51: 0 | AL51: 0 | AM51: 0 | AN51: 0 | AO51: 0 | AP51: 0 | AQ51: 0 | AR51: 0 | AS51: 0 | AT51: 0 | AU51: 0 | AV51: 0 | AW51: 0 | AX51: 0 | AY51: 0 | AZ51: 0 | BA51: 0 | BB51: 0 | BC51: 0 | BD51: 0 | BE51: 0 | BF51: 0 | BG51: 0 | BH51: 0 | BI51: 0 | BJ51: 0 | BK51: 0 | BL51: 0 | BM51: =SUM(E51,J51,O51,T51,Y51,AD51,AI51,AN51,AS51,AX51,BC51,BH51) -> 25581 | BN51: =SUM(H51,M51,R51,W51,AB51,AG51,AL51,AQ51,AV51,BA51,BF51,BK51) -> 559296.13 | BO51: =SUM(I51,N51,S51,X51,AC51,AH51,AM51,AR51,AW51,BB51,BG51,BL51) -> 92504.253 | BP51: =IF(BM51=0,"",BO51/BM51) -> 3.6161312 | BQ51: Print
A52: MUNK09 / MUNKSJO CAIEIRAS LTDA / BRA | B52: 7000485 | C52: DPU 02 9080 080 MUNK | D52: 1855 | E52: 0 | F52: 0 | G52: 0 | H52: 0 | I52: 0 | J52: 0 | K52: 0 | L52: 0 | M52: 0 | N52: 0 | O52: 5399 | P52: 22.91 | Q52: =P52/$S$1 -> 3.7891777 | R52: 123717.44 | S52: =R52/$S$1 -> 20462.129 | T52: 0 | U52: 0 | V52: 0 | W52: 0 | X52: 0 | Y52: 5374 | Z52: 24.24 | AA52: =Z52/$AC$1 -> 4.1659577 | AB52: 130282.96 | AC52: =AB52/$AC$1 -> 22390.813 | AD52: 10624 | AE52: 24.24 | AF52: =AE52/$AH$1 -> 4.1078612 | AG52: 257559.75 | AH52: =AG52/$AH$1 -> 43647.678 | AI52: 0 | AJ52: 0 | AK52: 0 | AL52: 0 | AM52: 0 | AN52: 0 | AO52: 0 | AP52: 0 | AQ52: 0 | AR52: 0 | AS52: 0 | AT52: 0 | AU52: 0 | AV52: 0 | AW52: 0 | AX52: 0 | AY52: 0 | AZ52: 0 | BA52: 0 | BB52: 0 | BC52: 0 | BD52: 0 | BE52: 0 | BF52: 0 | BG52: 0 | BH52: 0 | BI52: 0 | BJ52: 0 | BK52: 0 | BL52: 0 | BM52: =SUM(E52,J52,O52,T52,Y52,AD52,AI52,AN52,AS52,AX52,BC52,BH52) -> 21397 | BN52: =SUM(H52,M52,R52,W52,AB52,AG52,AL52,AQ52,AV52,BA52,BF52,BK52) -> 511560.15 | BO52: =SUM(I52,N52,S52,X52,AC52,AH52,AM52,AR52,AW52,BB52,BG52,BL52) -> 86500.619 | BP52: =IF(BM52=0,"",BO52/BM52) -> 4.0426517 | BQ52: IP | BR52: uni
A53: MUNK09 / MUNKSJO CAIEIRAS LTDA / BRA | B53: 7000448 | C53: PBM 02 2638 068 MUNK (752) | D53: 1270 | E53: 0 | F53: 0 | G53: 0 | H53: 0 | I53: 0 | J53: 0 | K53: 0 | L53: 0 | M53: 0 | N53: 0 | O53: 0 | P53: 0 | Q53: 0 | R53: 0 | S53: 0 | T53: 25815 | U53: 23.13 | V53: =U53/$X$1 -> 3.9269782 | W53: 597152.73 | X53: =W53/$X$1 -> 101383.73 | Y53: 0 | Z53: 0 | AA53: 0 | AB53: 0 | AC53: 0 | AD53: 0 | AE53: 0 | AF53: 0 | AG53: 0 | AH53: 0 | AI53: 0 | AJ53: 0 | AK53: 0 | AL53: 0 | AM53: 0 | AN53: 0 | AO53: 0 | AP53: 0 | AQ53: 0 | AR53: 0 | AS53: 0 | AT53: 0 | AU53: 0 | AV53: 0 | AW53: 0 | AX53: 0 | AY53: 0 | AZ53: 0 | BA53: 0 | BB53: 0 | BC53: 0 | BD53: 0 | BE53: 0 | BF53: 0 | BG53: 0 | BH53: 0 | BI53: 0 | BJ53: 0 | BK53: 0 | BL53: 0 | BM53: =SUM(E53,J53,O53,T53,Y53,AD53,AI53,AN53,AS53,AX53,BC53,BH53) -> 25815 | BN53: =SUM(H53,M53,R53,W53,AB53,AG53,AL53,AQ53,AV53,BA53,BF53,BK53) -> 597152.73 | BO53: =SUM(I53,N53,S53,X53,AC53,AH53,AM53,AR53,AW53,BB53,BG53,BL53) -> 101383.73 | BP53: =IF(BM53=0,"",BO53/BM53) -> 3.9273188 | BQ53: Print
A54: MUNK09 / MUNKSJO CAIEIRAS LTDA / BRA | B54: 7000479 | C54: DPU 01 0104 078 MUNK (963) | D54: 1855 | E54: 0 | F54: 0 | G54: 0 | H54: 0 | I54: 0 | J54: 0 | K54: 0 | L54: 0 | M54: 0 | N54: 0 | O54: 0 | P54: 0 | Q54: 0 | R54: 0 | S54: 0 | T54: 45690 | U54: 18.42 | V54: =U54/$X$1 -> 3.1273212 | W54: 841797.92 | X54: =W54/$X$1 -> 142919.24 | Y54: 0 | Z54: 0 | AA54: 0 | AB54: 0 | AC54: 0 | AD54: 0 | AE54: 0 | AF54: 0 | AG54: 0 | AH54: 0 | AI54: 0 | AJ54: 0 | AK54: 0 | AL54: 0 | AM54: 0 | AN54: 0 | AO54: 0 | AP54: 0 | AQ54: 0 | AR54: 0 | AS54: 0 | AT54: 0 | AU54: 0 | AV54: 0 | AW54: 0 | AX54: 0 | AY54: 0 | AZ54: 0 | BA54: 0 | BB54: 0 | BC54: 0 | BD54: 0 | BE54: 0 | BF54: 0 | BG54: 0 | BH54: 0 | BI54: 0 | BJ54: 0 | BK54: 0 | BL54: 0 | BM54: =SUM(E54,J54,O54,T54,Y54,AD54,AI54,AN54,AS54,AX54,BC54,BH54) -> 45690 | BN54: =SUM(H54,M54,R54,W54,AB54,AG54,AL54,AQ54,AV54,BA54,BF54,BK54) -> 841797.92 | BO54: =SUM(I54,N54,S54,X54,AC54,AH54,AM54,AR54,AW54,BB54,BG54,BL54) -> 142919.24 | BP54: =IF(BM54=0,"",BO54/BM54) -> 3.1280202 | BQ54: IP | BR54: white
A55: MUNK09 / MUNKSJO CAIEIRAS LTDA / BRA | B55: 7000486 | C55: DPU 08 0497 080 MUNK | D55: 1855 | E55: 0 | F55: 0 | G55: 0 | H55: 0 | I55: 0 | J55: 0 | K55: 0 | L55: 0 | M55: 0 | N55: 0 | O55: 0 | P55: 0 | Q55: 0 | R55: 0 | S55: 0 | T55: 5701 | U55: 31.76 | V55: =U55/$X$1 -> 5.3921673 | W55: 181047.65 | X55: =W55/$X$1 -> 30738.01 | Y55: 11561 | Z55: 31.76 | AA55: =Z55/$AC$1 -> 5.4583671 | AB55: 367144.74 | AC55: =AB55/$AC$1 -> 63098.575 | AD55: 5587 | AE55: 31.76 | AF55: =AE55/$AH$1 -> 5.3822472 | AG55: 177427.34 | AH55: =AG55/$AH$1 -> 30067.941 | AI55: 0 | AJ55: 0 | AK55: 0 | AL55: 0 | AM55: 0 | AN55: 0 | AO55: 0 | AP55: 0 | AQ55: 0 | AR55: 0 | AS55: 0 | AT55: 0 | AU55: 0 | AV55: 0 | AW55: 0 | AX55: 0 | AY55: 0 | AZ55: 0 | BA55: 0 | BB55: 0 | BC55: 0 | BD55: 0 | BE55: 0 | BF55: 0 | BG55: 0 | BH55: 0 | BI55: 0 | BJ55: 0 | BK55: 0 | BL55: 0 | BM55: =SUM(E55,J55,O55,T55,Y55,AD55,AI55,AN55,AS55,AX55,BC55,BH55) -> 22849 | BN55: =SUM(H55,M55,R55,W55,AB55,AG55,AL55,AQ55,AV55,BA55,BF55,BK55) -> 725619.73 | BO55: =SUM(I55,N55,S55,X55,AC55,AH55,AM55,AR55,AW55,BB55,BG55,BL55) -> 123904.53 | BP55: =IF(BM55=0,"",BO55/BM55) -> 5.4227549 | BQ55: IP | BR55: uni
A56: MUNK09 / MUNKSJO CAIEIRAS LTDA / BRA | B56: 7000403 | C56: DPU 01 0104 070 MUNK (990) | D56: 1270 | E56: 0 | F56: 0 | G56: 0 | H56: 0 | I56: 0 | J56: 0 | K56: 0 | L56: 0 | M56: 0 | N56: 0 | O56: 0 | P56: 0 | Q56: 0 | R56: 0 | S56: 0 | T56: 0 | U56: 0 | V56: =U56/$X$1 -> 0 | W56: 0 | X56: =W56/$X$1 -> 0 | Y56: 18333 | Z56: 18.42 | AA56: =Z56/$AC$1 -> 3.1657154 | AB56: 337769.35 | AC56: =AB56/$AC$1 -> 58050.034 | AD56: 0 | AE56: 0 | AF56: 0 | AG56: 0 | AH56: 0 | AI56: 0 | AJ56: 0 | AK56: 0 | AL56: 0 | AM56: 0 | AN56: 0 | AO56: 0 | AP56: 0 | AQ56: 0 | AR56: 0 | AS56: 0 | AT56: 0 | AU56: 0 | AV56: 0 | AW56: 0 | AX56: 0 | AY56: 0 | AZ56: 0 | BA56: 0 | BB56: 0 | BC56: 0 | BD56: 0 | BE56: 0 | BF56: 0 | BG56: 0 | BH56: 0 | BI56: 0 | BJ56: 0 | BK56: 0 | BL56: 0 | BM56: =SUM(E56,J56,O56,T56,Y56,AD56,AI56,AN56,AS56,AX56,BC56,BH56) -> 18333 | BN56: =SUM(H56,M56,R56,W56,AB56,AG56,AL56,AQ56,AV56,BA56,BF56,BK56) -> 337769.35 | BO56: =SUM(I56,N56,S56,X56,AC56,AH56,AM56,AR56,AW56,BB56,BG56,BL56) -> 58050.034 | BP56: =IF(BM56=0,"",BO56/BM56) -> 3.1664231 | BQ56: Print
A57: MUNK09 / MUNKSJO CAIEIRAS LTDA / BRA | B57: 7000491 | C57: MIS 02 Backing 060 MUNK | D57: 2080 | E57: 0 | F57: 0 | G57: 0 | H57: 0 | I57: 0 | J57: 0 | K57: 0 | L57: 0 | M57: 0 | N57: 0 | O57: 0 | P57: 0 | Q57: 0 | R57: 0 | S57: 0 | T57: 0 | U57: 0 | V57: =U57/$X$1 -> 0 | W57: 0 | X57: =W57/$X$1 -> 0 | Y57: 20123 | Z57: 14.15 | AA57: =Z57/$AC$1 -> 2.4318606 | AB57: 284750.28 | AC57: =AB57/$AC$1 -> 48938.021 | AD57: 0 | AE57: 0 | AF57: 0 | AG57: 0 | AH57: 0 | AI57: 0 | AJ57: 0 | AK57: 0 | AL57: 0 | AM57: 0 | AN57: 0 | AO57: 0 | AP57: 0 | AQ57: 0 | AR57: 0 | AS57: 0 | AT57: 0 | AU57: 0 | AV57: 0 | AW57: 0 | AX57: 0 | AY57: 0 | AZ57: 0 | BA57: 0 | BB57: 0 | BC57: 0 | BD57: 0 | BE57: 0 | BF57: 0 | BG57: 0 | BH57: 0 | BI57: 0 | BJ57: 0 | BK57: 0 | BL57: 0 | BM57: =SUM(E57,J57,O57,T57,Y57,AD57,AI57,AN57,AS57,AX57,BC57,BH57) -> 20123 | BN57: =SUM(H57,M57,R57,W57,AB57,AG57,AL57,AQ57,AV57,BA57,BF57,BK57) -> 284750.28 | BO57: =SUM(I57,N57,S57,X57,AC57,AH57,AM57,AR57,AW57,BB57,BG57,BL57) -> 48938.021 | BP57: =IF(BM57=0,"",BO57/BM57) -> 2.4319446 | BQ57: IP | BR57: uni
A58: SUNS01 / CENTURY SUNSHINE (SHOUGUANG) SPECIALTY PAPER CO., LTD. | B58: 7000459 | C58: DPU 01 0104 070 SUNS | D58: 1870 | E58: 0 | F58: 0 | G58: 0 | H58: 0 | I58: 0 | J58: 0 | K58: 0 | L58: 0 | M58: 0 | N58: 0 | O58: 102917 | P58: 11.32 | Q58: =P58/$S$1 -> 1.8722607 | R58: 1165496.4 | S58: =R58/$S$1 -> 192766.18 | T58: 51562 | U58: 11.19 | V58: =U58/$X$1 -> 1.8998222 | W58: 577213.91 | X58: =W58/$X$1 -> 97998.55 | Y58: 102506 | Z58: 11.12 | AA58: =Z58/$AC$1 -> 1.9111159 | AB58: 1140000.5 | AC58: =AB58/$AC$1 -> 195923.84 | AD58: 101726 | AE58: 11.367694 | AF58: =AE58/$AH$1 -> 1.9264402 | AG58: 1156390.1 | AH58: =AG58/$AH$1 -> 195969.05 | AI58: 0 | AJ58: 0 | AK58: 0 | AL58: 0 | AM58: 0 | AN58: 0 | AO58: 0 | AP58: 0 | AQ58: 0 | AR58: 0 | AS58: 0 | AT58: 0 | AU58: 0 | AV58: 0 | AW58: 0 | AX58: 0 | AY58: 0 | AZ58: 0 | BA58: 0 | BB58: 0 | BC58: 0 | BD58: 0 | BE58: 0 | BF58: 0 | BG58: 0 | BH58: 0 | BI58: 0 | BJ58: 0 | BK58: 0 | BL58: 0 | BM58: =SUM(E58,J58,O58,T58,Y58,AD58,AI58,AN58,AS58,AX58,BC58,BH58) -> 358711 | BN58: =SUM(H58,M58,R58,W58,AB58,AG58,AL58,AQ58,AV58,BA58,BF58,BK58) -> 4039100.9 | BO58: =SUM(I58,N58,S58,X58,AC58,AH58,AM58,AR58,AW58,BB58,BG58,BL58) -> 682657.62 | BP58: =IF(BM58=0,"",BO58/BM58) -> 1.9030853 | BQ58: Print
A59: SUNS01 / CENTURY SUNSHINE (SHOUGUANG) SPECIALTY PAPER CO., LTD. | B59: 7000481 | C59: DPU 01 0104 080 SUNS | D59: 1855 | E59: 0 | F59: 0 | G59: 0 | H59: 0 | I59: 0 | J59: 0 | K59: 0 | L59: 0 | M59: 0 | N59: 0 | O59: 374939 | P59: 11.51 | Q59: =P59/$S$1 -> 1.9036855 | R59: 4318251.1 | S59: =R59/$S$1 -> 714213.05 | T59: 149497 | U59: 10.87 | V59: =U59/$X$1 -> 1.845493 | W59: 1625501.1 | X59: =W59/$X$1 -> 275975.24 | Y59: 298861 | Z59: 11.03 | AA59: =Z59/$AC$1 -> 1.8956483 | AB59: 3296916.5 | AC59: =AB59/$AC$1 -> 566617.77 | AD59: 73426 | AE59: 11.20353 | AF59: =AE59/$AH$1 -> 1.8986199 | AG59: 822630.4 | AH59: =AG59/$AH$1 -> 139408.07 | AI59: 0 | AJ59: 0 | AK59: 0 | AL59: 0 | AM59: 0 | AN59: 0 | AO59: 0 | AP59: 0 | AQ59: 0 | AR59: 0 | AS59: 0 | AT59: 0 | AU59: 0 | AV59: 0 | AW59: 0 | AX59: 0 | AY59: 0 | AZ59: 0 | BA59: 0 | BB59: 0 | BC59: 0 | BD59: 0 | BE59: 0 | BF59: 0 | BG59: 0 | BH59: 0 | BI59: 0 | BJ59: 0 | BK59: 0 | BL59: 0 | BM59: =SUM(E59,J59,O59,T59,Y59,AD59,AI59,AN59,AS59,AX59,BC59,BH59) -> 896723 | BN59: =SUM(H59,M59,R59,W59,AB59,AG59,AL59,AQ59,AV59,BA59,BF59,BK59) -> 10063299 | BO59: =SUM(I59,N59,S59,X59,AC59,AH59,AM59,AR59,AW59,BB59,BG59,BL59) -> 1696214.1 | BP59: =IF(BM59=0,"",BO59/BM59) -> 1.8915698 | BQ59: IP | BR59: white
A60: SUNS01 / CENTURY SUNSHINE (SHOUGUANG) SPECIALTY PAPER CO., LTD. | B60: 7000481 | C60: DPU 01 0104 080 SUNS | D60: 1860 | E60: 0 | F60: 0 | G60: 0 | H60: 0 | I60: 0 | J60: 0 | K60: 0 | L60: 0 | M60: 0 | N60: 0 | O60: 0 | P60: 0 | Q60: 0 | R60: 0 | S60: 0 | T60: 49739 | U60: 11.22 | V60: =U60/$X$1 -> 1.9049155 | W60: 557847.25 | X60: =W60/$X$1 -> 94710.506 | Y60: 0 | Z60: 0 | AA60: 0 | AB60: 0 | AC60: 0 | AD60: 0 | AE60: 0 | AF60: 0 | AG60: 0 | AH60: 0 | AI60: 0 | AJ60: 0 | AK60: 0 | AL60: 0 | AM60: 0 | AN60: 0 | AO60: 0 | AP60: 0 | AQ60: 0 | AR60: 0 | AS60: 0 | AT60: 0 | AU60: 0 | AV60: 0 | AW60: 0 | AX60: 0 | AY60: 0 | AZ60: 0 | BA60: 0 | BB60: 0 | BC60: 0 | BD60: 0 | BE60: 0 | BF60: 0 | BG60: 0 | BH60: 0 | BI60: 0 | BJ60: 0 | BK60: 0 | BL60: 0 | BM60: =SUM(E60,J60,O60,T60,Y60,AD60,AI60,AN60,AS60,AX60,BC60,BH60) -> 49739 | BN60: =SUM(H60,M60,R60,W60,AB60,AG60,AL60,AQ60,AV60,BA60,BF60,BK60) -> 557847.25 | BO60: =SUM(I60,N60,S60,X60,AC60,AH60,AM60,AR60,AW60,BB60,BG60,BL60) -> 94710.506 | BP60: =IF(BM60=0,"",BO60/BM60) -> 1.9041498 | BQ60: Print
A61: SUNS01 / CENTURY SUNSHINE (SHOUGUANG) SPECIALTY PAPER CO., LTD. | B61: 18.402 | C61: SUNSHINE 0104 ECO 70G/M2 1870MM (FSC MC) | D61: 1870 | E61: 50606 | F61: 14.463658 | G61: 2.3044945 | H61: 731947.88 | I61: 116621.25 | J61: 0 | K61: 0 | L61: 0 | M61: 0 | N61: 0 | O61: 0 | P61: 0 | Q61: 0 | R61: 0 | S61: 0 | T61: 0 | U61: 0 | V61: 0 | W61: 0 | X61: 0 | Y61: 0 | Z61: 0 | AA61: 0 | AB61: 0 | AC61: 0 | AD61: 0 | AE61: 0 | AF61: 0 | AG61: 0 | AH61: 0 | AI61: 0 | AJ61: 0 | AK61: 0 | AL61: 0 | AM61: 0 | AN61: 0 | AO61: 0 | AP61: 0 | AQ61: 0 | AR61: 0 | AS61: 0 | AT61: 0 | AU61: 0 | AV61: 0 | AW61: 0 | AX61: 0 | AY61: 0 | AZ61: 0 | BA61: 0 | BB61: 0 | BC61: 0 | BD61: 0 | BE61: 0 | BF61: 0 | BG61: 0 | BH61: 0 | BI61: 0 | BJ61: 0 | BK61: 0 | BL61: 0 | BM61: =SUM(E61,J61,O61,T61,Y61,AD61,AI61,AN61,AS61,AX61,BC61,BH61) -> 50606 | BN61: =SUM(H61,M61,R61,W61,AB61,AG61,AL61,AQ61,AV61,BA61,BF61,BK61) -> 731947.88 | BO61: =SUM(I61,N61,S61,X61,AC61,AH61,AM61,AR61,AW61,BB61,BG61,BL61) -> 116621.25 | BP61: =IF(BM61=0,"",BO61/BM61) -> 2.3044945 | BQ61: Print
A62: SUNS01 / CENTURY SUNSHINE (SHOUGUANG) SPECIALTY PAPER CO., LTD. | B62: 18.403 | C62: SUNSHINE 0104 ECO 80G/M2 1860MM (FSC MC) | D62: 1860 | E62: 0 | F62: 0 | G62: 0 | H62: 0 | I62: 0 | J62: 48907 | K62: 13.877686 | L62: 2.2559924 | M62: 678715.99 | N62: 110333.82 | O62: 0 | P62: 0 | Q62: 0 | R62: 0 | S62: 0 | T62: 0 | U62: 0 | V62: 0 | W62: 0 | X62: 0 | Y62: 0 | Z62: 0 | AA62: 0 | AB62: 0 | AC62: 0 | AD62: 0 | AE62: 0 | AF62: 0 | AG62: 0 | AH62: 0 | AI62: 0 | AJ62: 0 | AK62: 0 | AL62: 0 | AM62: 0 | AN62: 0 | AO62: 0 | AP62: 0 | AQ62: 0 | AR62: 0 | AS62: 0 | AT62: 0 | AU62: 0 | AV62: 0 | AW62: 0 | AX62: 0 | AY62: 0 | AZ62: 0 | BA62: 0 | BB62: 0 | BC62: 0 | BD62: 0 | BE62: 0 | BF62: 0 | BG62: 0 | BH62: 0 | BI62: 0 | BJ62: 0 | BK62: 0 | BL62: 0 | BM62: =SUM(E62,J62,O62,T62,Y62,AD62,AI62,AN62,AS62,AX62,BC62,BH62) -> 48907 | BN62: =SUM(H62,M62,R62,W62,AB62,AG62,AL62,AQ62,AV62,BA62,BF62,BK62) -> 678715.99 | BO62: =SUM(I62,N62,S62,X62,AC62,AH62,AM62,AR62,AW62,BB62,BG62,BL62) -> 110333.82 | BP62: =IF(BM62=0,"",BO62/BM62) -> 2.2559924 | BQ62: IP | BR62: white
A63: SUNS01 / CENTURY SUNSHINE (SHOUGUANG) SPECIALTY PAPER CO., LTD. | B63: 18.415 | C63: SUNSHINE 0104 ECO 80G/M2 1855MM (FSC MC) | D63: 1855 | E63: 0 | F63: 0 | G63: 0 | H63: 0 | I63: 0 | J63: 122693 | K63: 14.20852 | L63: 2.3097736 | M63: 1743285.9 | N63: 283393.06 | O63: 0 | P63: 0 | Q63: 0 | R63: 0 | S63: 0 | T63: 0 | U63: 0 | V63: 0 | W63: 0 | X63: 0 | Y63: 0 | Z63: 0 | AA63: 0 | AB63: 0 | AC63: 0 | AD63: 0 | AE63: 0 | AF63: 0 | AG63: 0 | AH63: 0 | AI63: 0 | AJ63: 0 | AK63: 0 | AL63: 0 | AM63: 0 | AN63: 0 | AO63: 0 | AP63: 0 | AQ63: 0 | AR63: 0 | AS63: 0 | AT63: 0 | AU63: 0 | AV63: 0 | AW63: 0 | AX63: 0 | AY63: 0 | AZ63: 0 | BA63: 0 | BB63: 0 | BC63: 0 | BD63: 0 | BE63: 0 | BF63: 0 | BG63: 0 | BH63: 0 | BI63: 0 | BJ63: 0 | BK63: 0 | BL63: 0 | BM63: =SUM(E63,J63,O63,T63,Y63,AD63,AI63,AN63,AS63,AX63,BC63,BH63) -> 122693 | BN63: =SUM(H63,M63,R63,W63,AB63,AG63,AL63,AQ63,AV63,BA63,BF63,BK63) -> 1743285.9 | BO63: =SUM(I63,N63,S63,X63,AC63,AH63,AM63,AR63,AW63,BB63,BG63,BL63) -> 283393.06 | BP63: =IF(BM63=0,"",BO63/BM63) -> 2.3097736 | BQ63: IP | BR63: white
A64: SUNS01 / CENTURY SUNSHINE (SHOUGUANG) SPECIALTY PAPER CO., LTD. | B64: 7002371 | C64: PBM 02 0244 065 SUNS | D64: 1870 | E64: 0 | F64: 0 | G64: 0 | H64: 0 | I64: 0 | J64: 0 | K64: 0 | L64: 0 | M64: 0 | N64: 0 | O64: 0 | P64: 0 | Q64: 0 | R64: 0 | S64: 0 | T64: 0 | U64: 0 | V64: =U64/$X$1 -> 0 | W64: 0 | X64: =W64/$X$1 -> 0 | Y64: 25115 | Z64: 12.13 | AA64: =Z64/$AC$1 -> 2.0846975 | AB64: 304533.69 | AC64: =AB64/$AC$1 -> 52338.056 | AD64: 24824 | AE64: 12.37 | AF64: =AE64/$AH$1 -> 2.0962972 | AG64: 306993.69 | AH64: =AG64/$AH$1 -> 52025.061 | AI64: 0 | AJ64: 0 | AK64: 0 | AL64: 0 | AM64: 0 | AN64: 0 | AO64: 0 | AP64: 0 | AQ64: 0 | AR64: 0 | AS64: 0 | AT64: 0 | AU64: 0 | AV64: 0 | AW64: 0 | AX64: 0 | AY64: 0 | AZ64: 0 | BA64: 0 | BB64: 0 | BC64: 0 | BD64: 0 | BE64: 0 | BF64: 0 | BG64: 0 | BH64: 0 | BI64: 0 | BJ64: 0 | BK64: 0 | BL64: 0 | BM64: =SUM(E64,J64,O64,T64,Y64,AD64,AI64,AN64,AS64,AX64,BC64,BH64) -> 49939 | BN64: =SUM(H64,M64,R64,W64,AB64,AG64,AL64,AQ64,AV64,BA64,BF64,BK64) -> 611527.38 | BO64: =SUM(I64,N64,S64,X64,AC64,AH64,AM64,AR64,AW64,BB64,BG64,BL64) -> 104363.12 | BP64: =IF(BM64=0,"",BO64/BM64) -> 2.0898119 | BQ64: Print
A65: SUNS01 / CENTURY SUNSHINE (SHOUGUANG) SPECIALTY PAPER CO., LTD. | B65: 7002384 | C65: PBM 01 0128 065 SUNS K | D65: 1870 | E65: 0 | F65: 0 | G65: 0 | H65: 0 | I65: 0 | J65: 0 | K65: 0 | L65: 0 | M65: 0 | N65: 0 | O65: 0 | P65: 0 | Q65: 0 | R65: 0 | S65: 0 | T65: 0 | U65: 0 | V65: 0 | W65: 0 | X65: 0 | Y65: 0 | Z65: 0 | AA65: 0 | AB65: 0 | AC65: 0 | AD65: 103988 | AE65: 10.67895 | AF65: =AE65/$AH$1 -> 1.8097213 | AG65: 1110482.6 | AH65: =AG65/$AH$1 -> 188189.3 | AI65: 0 | AJ65: 0 | AK65: 0 | AL65: 0 | AM65: 0 | AN65: 0 | AO65: 0 | AP65: 0 | AQ65: 0 | AR65: 0 | AS65: 0 | AT65: 0 | AU65: 0 | AV65: 0 | AW65: 0 | AX65: 0 | AY65: 0 | AZ65: 0 | BA65: 0 | BB65: 0 | BC65: 0 | BD65: 0 | BE65: 0 | BF65: 0 | BG65: 0 | BH65: 0 | BI65: 0 | BJ65: 0 | BK65: 0 | BL65: 0 | BM65: =SUM(E65,J65,O65,T65,Y65,AD65,AI65,AN65,AS65,AX65,BC65,BH65) -> 103988 | BN65: =SUM(H65,M65,R65,W65,AB65,AG65,AL65,AQ65,AV65,BA65,BF65,BK65) -> 1110482.6 | BO65: =SUM(I65,N65,S65,X65,AC65,AH65,AM65,AR65,AW65,BB65,BG65,BL65) -> 188189.3 | BP65: =IF(BM65=0,"",BO65/BM65) -> 1.8097213 | BQ65: Print
A66: SUNS01 / CENTURY SUNSHINE (SHOUGUANG) SPECIALTY PAPER CO., LTD. | B66: 7004975 | C66: PBM 05 0247 070 SUNS (DBL7011PB) | D66: 1870 | E66: 0 | F66: 0 | G66: 0 | H66: 0 | I66: 0 | J66: 0 | K66: 0 | L66: 0 | M66: 0 | N66: 0 | O66: 0 | P66: 0 | Q66: 0 | R66: 0 | S66: 0 | T66: 0 | U66: 0 | V66: 0 | W66: 0 | X66: 0 | Y66: 0 | Z66: 0 | AA66: 0 | AB66: 0 | AC66: 0 | AD66: 1947 | AE66: 5.76 | AF66: =AE66/$AH$1 -> 0.97612544 | AG66: 11221.87 | AH66: =AG66/$AH$1 -> 1901.7279 | AI66: 0 | AJ66: 0 | AK66: 0 | AL66: 0 | AM66: 0 | AN66: 0 | AO66: 0 | AP66: 0 | AQ66: 0 | AR66: 0 | AS66: 0 | AT66: 0 | AU66: 0 | AV66: 0 | AW66: 0 | AX66: 0 | AY66: 0 | AZ66: 0 | BA66: 0 | BB66: 0 | BC66: 0 | BD66: 0 | BE66: 0 | BF66: 0 | BG66: 0 | BH66: 0 | BI66: 0 | BJ66: 0 | BK66: 0 | BL66: 0 | BM66: =SUM(E66,J66,O66,T66,Y66,AD66,AI66,AN66,AS66,AX66,BC66,BH66) -> 1947 | BN66: =SUM(H66,M66,R66,W66,AB66,AG66,AL66,AQ66,AV66,BA66,BF66,BK66) -> 11221.87 | BO66: =SUM(I66,N66,S66,X66,AC66,AH66,AM66,AR66,AW66,BB66,BG66,BL66) -> 1901.7279 | BP66: =IF(BM66=0,"",BO66/BM66) -> 0.97674777 | BQ66: Print
A67: TECH01 / Felix Schoeller GmbH & Co. / DEU | B67: 17.024 | C67: TECHNOCELL DEKOR MPK6656 68g/m2 1870mm 0399 | D67: 1870 | E67: 44151 | F67: 20.253419 | G67: 3.226977 | H67: 894208.7 | I67: 142474.26 | J67: 0 | K67: 0 | L67: 0 | M67: 0 | N67: 0 | O67: 0 | P67: 0 | Q67: 0 | R67: 0 | S67: 0 | T67: 0 | U67: 0 | V67: 0 | W67: 0 | X67: 0 | Y67: 0 | Z67: 0 | AA67: 0 | AB67: 0 | AC67: 0 | AD67: 0 | AE67: 0 | AF67: 0 | AG67: 0 | AH67: 0 | AI67: 0 | AJ67: 0 | AK67: 0 | AL67: 0 | AM67: 0 | AN67: 0 | AO67: 0 | AP67: 0 | AQ67: 0 | AR67: 0 | AS67: 0 | AT67: 0 | AU67: 0 | AV67: 0 | AW67: 0 | AX67: 0 | AY67: 0 | AZ67: 0 | BA67: 0 | BB67: 0 | BC67: 0 | BD67: 0 | BE67: 0 | BF67: 0 | BG67: 0 | BH67: 0 | BI67: 0 | BJ67: 0 | BK67: 0 | BL67: 0 | BM67: =SUM(E67,J67,O67,T67,Y67,AD67,AI67,AN67,AS67,AX67,BC67,BH67) -> 44151 | BN67: =SUM(H67,M67,R67,W67,AB67,AG67,AL67,AQ67,AV67,BA67,BF67,BK67) -> 894208.7 | BO67: =SUM(I67,N67,S67,X67,AC67,AH67,AM67,AR67,AW67,BB67,BG67,BL67) -> 142474.26 | BP67: =IF(BM67=0,"",BO67/BM67) -> 3.226977 | BQ67: Print
A68: TECH01 / Felix Schoeller GmbH & Co. / DEU | B68: 17.051 | C68: TECHNOCELL DEKOR MPK6552F 71G/M2 1870MM EIR (FSC MC) | D68: 1870 | E68: 23371 | F68: 18.791924 | G68: 2.994117 | H68: 439186.06 | I68: 69975.51 | J68: 0 | K68: 0 | L68: 0 | M68: 0 | N68: 0 | O68: 0 | P68: 0 | Q68: 0 | R68: 0 | S68: 0 | T68: 0 | U68: 0 | V68: 0 | W68: 0 | X68: 0 | Y68: 0 | Z68: 0 | AA68: 0 | AB68: 0 | AC68: 0 | AD68: 0 | AE68: 0 | AF68: 0 | AG68: 0 | AH68: 0 | AI68: 0 | AJ68: 0 | AK68: 0 | AL68: 0 | AM68: 0 | AN68: 0 | AO68: 0 | AP68: 0 | AQ68: 0 | AR68: 0 | AS68: 0 | AT68: 0 | AU68: 0 | AV68: 0 | AW68: 0 | AX68: 0 | AY68: 0 | AZ68: 0 | BA68: 0 | BB68: 0 | BC68: 0 | BD68: 0 | BE68: 0 | BF68: 0 | BG68: 0 | BH68: 0 | BI68: 0 | BJ68: 0 | BK68: 0 | BL68: 0 | BM68: =SUM(E68,J68,O68,T68,Y68,AD68,AI68,AN68,AS68,AX68,BC68,BH68) -> 23371 | BN68: =SUM(H68,M68,R68,W68,AB68,AG68,AL68,AQ68,AV68,BA68,BF68,BK68) -> 439186.06 | BO68: =SUM(I68,N68,S68,X68,AC68,AH68,AM68,AR68,AW68,BB68,BG68,BL68) -> 69975.51 | BP68: =IF(BM68=0,"",BO68/BM68) -> 2.994117 | BQ68: Print
A69: TECH01 / Felix Schoeller GmbH & Co. / DEU | B69: 17.059 | C69: TECHNOCELL BROWN MPK6287 (2795) 65g/m2 1870mm (FSC MC) | D69: 1870 | E69: 23074 | F69: 20.033065 | G69: 3.191868 | H69: 462242.94 | I69: 73649.163 | J69: 0 | K69: 0 | L69: 0 | M69: 0 | N69: 0 | O69: 0 | P69: 0 | Q69: 0 | R69: 0 | S69: 0 | T69: 0 | U69: 0 | V69: 0 | W69: 0 | X69: 0 | Y69: 0 | Z69: 0 | AA69: 0 | AB69: 0 | AC69: 0 | AD69: 0 | AE69: 0 | AF69: 0 | AG69: 0 | AH69: 0 | AI69: 0 | AJ69: 0 | AK69: 0 | AL69: 0 | AM69: 0 | AN69: 0 | AO69: 0 | AP69: 0 | AQ69: 0 | AR69: 0 | AS69: 0 | AT69: 0 | AU69: 0 | AV69: 0 | AW69: 0 | AX69: 0 | AY69: 0 | AZ69: 0 | BA69: 0 | BB69: 0 | BC69: 0 | BD69: 0 | BE69: 0 | BF69: 0 | BG69: 0 | BH69: 0 | BI69: 0 | BJ69: 0 | BK69: 0 | BL69: 0 | BM69: =SUM(E69,J69,O69,T69,Y69,AD69,AI69,AN69,AS69,AX69,BC69,BH69) -> 23074 | BN69: =SUM(H69,M69,R69,W69,AB69,AG69,AL69,AQ69,AV69,BA69,BF69,BK69) -> 462242.94 | BO69: =SUM(I69,N69,S69,X69,AC69,AH69,AM69,AR69,AW69,BB69,BG69,BL69) -> 73649.163 | BP69: =IF(BM69=0,"",BO69/BM69) -> 3.191868 | BQ69: Print
A70: TECH01 / Felix Schoeller GmbH & Co. / DEU | B70: 2043069 | C70: PBM 02 8269 071 TECH EIR (6552) | D70: 1870 | E70: 0 | F70: 0 | G70: 0 | H70: 0 | I70: 0 | J70: 0 | K70: 0 | L70: 0 | M70: 0 | N70: 0 | O70: 45349 | P70: 15.863333 | Q70: =P70/$S$1 -> 2.623701 | R70: 723748.28 | S70: =R70/$S$1 -> 119703.66 | T70: 31655 | U70: 15.135 | V70: =U70/$X$1 -> 2.5695986 | W70: 473681.03 | X70: =W70/$X$1 -> 80420.886 | Y70: 0 | Z70: 0 | AA70: 0 | AB70: 0 | AC70: 0 | AD70: 23079 | AE70: 15.77 | AF70: =AE70/$AH$1 -> 2.6724823 | AG70: 363999.4 | AH70: =AG70/$AH$1 -> 61685.603 | AI70: 0 | AJ70: 0 | AK70: 0 | AL70: 0 | AM70: 0 | AN70: 0 | AO70: 0 | AP70: 0 | AQ70: 0 | AR70: 0 | AS70: 0 | AT70: 0 | AU70: 0 | AV70: 0 | AW70: 0 | AX70: 0 | AY70: 0 | AZ70: 0 | BA70: 0 | BB70: 0 | BC70: 0 | BD70: 0 | BE70: 0 | BF70: 0 | BG70: 0 | BH70: 0 | BI70: 0 | BJ70: 0 | BK70: 0 | BL70: 0 | BM70: =SUM(E70,J70,O70,T70,Y70,AD70,AI70,AN70,AS70,AX70,BC70,BH70) -> 100083 | BN70: =SUM(H70,M70,R70,W70,AB70,AG70,AL70,AQ70,AV70,BA70,BF70,BK70) -> 1561428.7 | BO70: =SUM(I70,N70,S70,X70,AC70,AH70,AM70,AR70,AW70,BB70,BG70,BL70) -> 261810.15 | BP70: =IF(BM70=0,"",BO70/BM70) -> 2.6159303 | BQ70: Print
A71: TECH01 / Felix Schoeller GmbH & Co. / DEU | B71: 7000444 | C71: PBM 02 0399 068 TECH | D71: 1870 | E71: 0 | F71: 0 | G71: 0 | H71: 0 | I71: 0 | J71: 0 | K71: 0 | L71: 0 | M71: 0 | N71: 0 | O71: 22741 | P71: 17 | Q71: =P71/$S$1 -> 2.8116989 | R71: 386493.35 | S71: =R71/$S$1 -> 63923.701 | T71: 33874 | U71: 16.72 | V71: =U71/$X$1 -> 2.8386976 | W71: 562748.82 | X71: =W71/$X$1 -> 95542.688 | Y71: 45359 | Z71: 16.525 | AA71: =Z71/$AC$1 -> 2.8400351 | AB71: 749512.16 | AC71: =AB71/$AC$1 -> 128813.37 | AD71: 0 | AE71: 0 | AF71: 0 | AG71: 0 | AH71: 0 | AI71: 0 | AJ71: 0 | AK71: 0 | AL71: 0 | AM71: 0 | AN71: 0 | AO71: 0 | AP71: 0 | AQ71: 0 | AR71: 0 | AS71: 0 | AT71: 0 | AU71: 0 | AV71: 0 | AW71: 0 | AX71: 0 | AY71: 0 | AZ71: 0 | BA71: 0 | BB71: 0 | BC71: 0 | BD71: 0 | BE71: 0 | BF71: 0 | BG71: 0 | BH71: 0 | BI71: 0 | BJ71: 0 | BK71: 0 | BL71: 0 | BM71: =SUM(E71,J71,O71,T71,Y71,AD71,AI71,AN71,AS71,AX71,BC71,BH71) -> 101974 | BN71: =SUM(H71,M71,R71,W71,AB71,AG71,AL71,AQ71,AV71,BA71,BF71,BK71) -> 1698754.3 | BO71: =SUM(I71,N71,S71,X71,AC71,AH71,AM71,AR71,AW71,BB71,BG71,BL71) -> 288279.75 | BP71: =IF(BM71=0,"",BO71/BM71) -> 2.8269927 | BQ71: Print
A72: TECH01 / Felix Schoeller GmbH & Co. / DEU | B72: 7000462 | C72: PBM 03 2795 065 TECH (6287) | D72: 1870 | E72: 0 | F72: 0 | G72: 0 | H72: 0 | I72: 0 | J72: 0 | K72: 0 | L72: 0 | M72: 0 | N72: 0 | O72: 21553 | P72: 17.12 | Q72: =P72/$S$1 -> 2.8315462 | R72: 368909.9 | S72: =R72/$S$1 -> 61015.503 | T72: 0 | U72: 0 | V72: 0 | W72: 0 | X72: 0 | Y72: 0 | Z72: 0 | AA72: 0 | AB72: 0 | AC72: 0 | AD72: 0 | AE72: 0 | AF72: 0 | AG72: 0 | AH72: 0 | AI72: 0 | AJ72: 0 | AK72: 0 | AL72: 0 | AM72: 0 | AN72: 0 | AO72: 0 | AP72: 0 | AQ72: 0 | AR72: 0 | AS72: 0 | AT72: 0 | AU72: 0 | AV72: 0 | AW72: 0 | AX72: 0 | AY72: 0 | AZ72: 0 | BA72: 0 | BB72: 0 | BC72: 0 | BD72: 0 | BE72: 0 | BF72: 0 | BG72: 0 | BH72: 0 | BI72: 0 | BJ72: 0 | BK72: 0 | BL72: 0 | BM72: =SUM(E72,J72,O72,T72,Y72,AD72,AI72,AN72,AS72,AX72,BC72,BH72) -> 21553 | BN72: =SUM(H72,M72,R72,W72,AB72,AG72,AL72,AQ72,AV72,BA72,BF72,BK72) -> 368909.9 | BO72: =SUM(I72,N72,S72,X72,AC72,AH72,AM72,AR72,AW72,BB72,BG72,BL72) -> 61015.503 | BP72: =IF(BM72=0,"",BO72/BM72) -> 2.8309517 | BQ72: Print
A73: TECH01 / Felix Schoeller GmbH & Co. / DEU | B73: 7004320 | C73: PBM 05 0380 70 TECH | D73: 1870 | E73: 0 | F73: 0 | G73: 0 | H73: 0 | I73: 0 | J73: 0 | K73: 0 | L73: 0 | M73: 0 | N73: 0 | O73: 30039 | P73: 15.675 | Q73: =P73/$S$1 -> 2.5925518 | R73: 470919.06 | S73: =R73/$S$1 -> 77887.211 | T73: 0 | U73: 0 | V73: 0 | W73: 0 | X73: 0 | Y73: 0 | Z73: 0 | AA73: 0 | AB73: 0 | AC73: 0 | AD73: 0 | AE73: 0 | AF73: 0 | AG73: 0 | AH73: 0 | AI73: 0 | AJ73: 0 | AK73: 0 | AL73: 0 | AM73: 0 | AN73: 0 | AO73: 0 | AP73: 0 | AQ73: 0 | AR73: 0 | AS73: 0 | AT73: 0 | AU73: 0 | AV73: 0 | AW73: 0 | AX73: 0 | AY73: 0 | AZ73: 0 | BA73: 0 | BB73: 0 | BC73: 0 | BD73: 0 | BE73: 0 | BF73: 0 | BG73: 0 | BH73: 0 | BI73: 0 | BJ73: 0 | BK73: 0 | BL73: 0 | BM73: =SUM(E73,J73,O73,T73,Y73,AD73,AI73,AN73,AS73,AX73,BC73,BH73) -> 30039 | BN73: =SUM(H73,M73,R73,W73,AB73,AG73,AL73,AQ73,AV73,BA73,BF73,BK73) -> 470919.06 | BO73: =SUM(I73,N73,S73,X73,AC73,AH73,AM73,AR73,AW73,BB73,BG73,BL73) -> 77887.211 | BP73: =IF(BM73=0,"",BO73/BM73) -> 2.5928696 | BQ73: Print
A74: TECH01 / Felix Schoeller GmbH & Co. / DEU | B74: 7002365 | C74: DPU 07 0080 080 TECH (8222) | D74: 1840 | E74: 0 | F74: 0 | G74: 0 | H74: 0 | I74: 0 | J74: 0 | K74: 0 | L74: 0 | M74: 0 | N74: 0 | O74: 0 | P74: 0 | Q74: 0 | R74: 0 | S74: 0 | T74: 3037 | U74: 16.48 | V74: =U74/$X$1 -> 2.7979508 | W74: 50053.47 | X74: =W74/$X$1 -> 8498.0064 | Y74: 0 | Z74: 0 | AA74: 0 | AB74: 0 | AC74: 0 | AD74: 0 | AE74: 0 | AF74: 0 | AG74: 0 | AH74: 0 | AI74: 0 | AJ74: 0 | AK74: 0 | AL74: 0 | AM74: 0 | AN74: 0 | AO74: 0 | AP74: 0 | AQ74: 0 | AR74: 0 | AS74: 0 | AT74: 0 | AU74: 0 | AV74: 0 | AW74: 0 | AX74: 0 | AY74: 0 | AZ74: 0 | BA74: 0 | BB74: 0 | BC74: 0 | BD74: 0 | BE74: 0 | BF74: 0 | BG74: 0 | BH74: 0 | BI74: 0 | BJ74: 0 | BK74: 0 | BL74: 0 | BM74: =SUM(E74,J74,O74,T74,Y74,AD74,AI74,AN74,AS74,AX74,BC74,BH74) -> 3037 | BN74: =SUM(H74,M74,R74,W74,AB74,AG74,AL74,AQ74,AV74,BA74,BF74,BK74) -> 50053.47 | BO74: =SUM(I74,N74,S74,X74,AC74,AH74,AM74,AR74,AW74,BB74,BG74,BL74) -> 8498.0064 | BP74: =IF(BM74=0,"",BO74/BM74) -> 2.7981582 | BQ74: IP | BR74: uni
A75: ULTR02 / ULTRA DECOR RUS, LLC | B75: 7004777 | C75: PBM 01 0128 65 ULTRA | D75: 1870 | E75: 0 | F75: 0 | G75: 0 | H75: 0 | I75: 0 | J75: 0 | K75: 0 | L75: 0 | M75: 0 | N75: 0 | O75: 0 | P75: 0 | Q75: 0 | R75: 0 | S75: 0 | T75: 0 | U75: 0 | V75: 0 | W75: 0 | X75: 0 | Y75: 0 | Z75: 0 | AA75: 0 | AB75: 0 | AC75: 0 | AD75: 22058 | AE75: 14.96 | AF75: =AE75/$AH$1 -> 2.5352147 | AG75: 330042.83 | AH75: =AG75/$AH$1 -> 55931.111 | AI75: 0 | AJ75: 0 | AK75: 0 | AL75: 0 | AM75: 0 | AN75: 0 | AO75: 0 | AP75: 0 | AQ75: 0 | AR75: 0 | AS75: 0 | AT75: 0 | AU75: 0 | AV75: 0 | AW75: 0 | AX75: 0 | AY75: 0 | AZ75: 0 | BA75: 0 | BB75: 0 | BC75: 0 | BD75: 0 | BE75: 0 | BF75: 0 | BG75: 0 | BH75: 0 | BI75: 0 | BJ75: 0 | BK75: 0 | BL75: 0 | BM75: =SUM(E75,J75,O75,T75,Y75,AD75,AI75,AN75,AS75,AX75,BC75,BH75) -> 22058 | BN75: =SUM(H75,M75,R75,W75,AB75,AG75,AL75,AQ75,AV75,BA75,BF75,BK75) -> 330042.83 | BO75: =SUM(I75,N75,S75,X75,AC75,AH75,AM75,AR75,AW75,BB75,BG75,BL75) -> 55931.111 | BP75: =IF(BM75=0,"",BO75/BM75) -> 2.5356384 | BQ75: Print
A76: ULTR02 / ULTRA DECOR RUS, LLC | B76: 7004937 | C76: PBM 01 0127 070 ULTRA | D76: 1830 | E76: 0 | F76: 0 | G76: 0 | H76: 0 | I76: 0 | J76: 0 | K76: 0 | L76: 0 | M76: 0 | N76: 0 | O76: 0 | P76: 0 | Q76: 0 | R76: 0 | S76: 0 | T76: 0 | U76: 0 | V76: 0 | W76: 0 | X76: 0 | Y76: 0 | Z76: 0 | AA76: 0 | AB76: 0 | AC76: 0 | AD76: 2735 | AE76: 13.54 | AF76: =AE76/$AH$1 -> 2.2945726 | AG76: 37025.06 | AH76: =AG76/$AH$1 -> 6274.497 | AI76: 0 | AJ76: 0 | AK76: 0 | AL76: 0 | AM76: 0 | AN76: 0 | AO76: 0 | AP76: 0 | AQ76: 0 | AR76: 0 | AS76: 0 | AT76: 0 | AU76: 0 | AV76: 0 | AW76: 0 | AX76: 0 | AY76: 0 | AZ76: 0 | BA76: 0 | BB76: 0 | BC76: 0 | BD76: 0 | BE76: 0 | BF76: 0 | BG76: 0 | BH76: 0 | BI76: 0 | BJ76: 0 | BK76: 0 | BL76: 0 | BM76: =SUM(E76,J76,O76,T76,Y76,AD76,AI76,AN76,AS76,AX76,BC76,BH76) -> 2735 | BN76: =SUM(H76,M76,R76,W76,AB76,AG76,AL76,AQ76,AV76,BA76,BF76,BK76) -> 37025.06 | BO76: =SUM(I76,N76,S76,X76,AC76,AH76,AM76,AR76,AW76,BB76,BG76,BL76) -> 6274.497 | BP76: =IF(BM76=0,"",BO76/BM76) -> 2.2941488 | BQ76: Print

Sheet PAPER BASE
A1: Plant | B1: Supplier name | C1: Product Group | D1: Material nr | E1: Mat Description | F1: Width (mm) | G1: Quantity KG | H1: Value EUR | I1: Month.Year | J1: Material Group | O1: Product Group List
A2: =IF(B2<>"","Curitiba","") -> Curitiba | B2: =_xlfn.XLOOKUP(D2,Reunido!B:B,Reunido!A:A,"",0) -> MUNK09 / MUNKSJO CAIEIRAS LTDA / BRA | C2: =IF(D2<>0,IF(_xlfn.XLOOKUP(D2,Reunido!B:B,Reunido!BQ:BQ,"",0)="Print",$O$2,IF(_xlfn.XLOOKUP(D2,Reunido!B:B,Reunido!BQ:BQ,"",0)="IP",$O$3,IF(_xlfn.XLOOKUP(D2,Reunido!B:B,Reunido!BQ:BQ,"",0)="FF",$O$4,""))),"") -> Impregnated Papers | D2: 15.432 | E2: DEKORPRINT BEIGE 752 68G/M2 1870MM TYPE2638 (FSC MC) | F2: 1870 | G2: {=_xlfn.XLOOKUP(D2&F2,Reunido!B:B&Reunido!D:D,Reunido!E:E,"",1)} -> 25502 | H2: {=_xlfn.XLOOKUP(D2&F2,Reunido!B:B&Reunido!D:D,Reunido!I:I,"",1)} -> 71146.879 | I2: 46023 | J2: =C2 -> Impregnated Papers | O2: Decorative Papers
A3: =IF(B3<>"","Curitiba","") -> Curitiba | B3: =_xlfn.XLOOKUP(D3,Reunido!B:B,Reunido!A:A,"",0) -> MUNK09 / MUNKSJO CAIEIRAS LTDA / BRA | C3: =IF(D3<>0,IF(_xlfn.XLOOKUP(D3,Reunido!B:B,Reunido!BQ:BQ,"",0)="Print",$O$2,IF(_xlfn.XLOOKUP(D3,Reunido!B:B,Reunido!BQ:BQ,"",0)="IP",$O$3,IF(_xlfn.XLOOKUP(D3,Reunido!B:B,Reunido!BQ:BQ,"",0)="FF",$O$4,""))),"") -> Impregnated Papers | D3: 16.004 | E3: DEKORPEL BEIGE 9080 80G/M2 1855MM (FSC MC) | F3: 1855 | G3: {=_xlfn.XLOOKUP(D3&F3,Reunido!B:B&Reunido!D:D,Reunido!E:E,"",1)} -> 4352 | H3: {=_xlfn.XLOOKUP(D3&F3,Reunido!B:B&Reunido!D:D,Reunido!I:I,"",1)} -> 12729.936 | I3: 46023 | J3: =C3 -> Impregnated Papers | O3: Impregnated Papers
A4: =IF(B4<>"","Curitiba","") -> Curitiba | B4: =_xlfn.XLOOKUP(D4,Reunido!B:B,Reunido!A:A,"",0) -> MUNK09 / MUNKSJO CAIEIRAS LTDA / BRA | C4: =IF(D4<>0,IF(_xlfn.XLOOKUP(D4,Reunido!B:B,Reunido!BQ:BQ,"",0)="Print",$O$2,IF(_xlfn.XLOOKUP(D4,Reunido!B:B,Reunido!BQ:BQ,"",0)="IP",$O$3,IF(_xlfn.XLOOKUP(D4,Reunido!B:B,Reunido!BQ:BQ,"",0)="FF",$O$4,""))),"") -> Impregnated Papers | D4: 16.068 | E4: DEKORPEL WHITE 963 78G/M2 1855MM (FSC MC) | F4: 1855 | G4: {=_xlfn.XLOOKUP(D4&F4,Reunido!B:B&Reunido!D:D,Reunido!E:E,"",1)} -> 47661 | H4: {=_xlfn.XLOOKUP(D4&F4,Reunido!B:B&Reunido!D:D,Reunido!I:I,"",1)} -> 106351.25 | I4: 46023 | J4: =C4 -> Impregnated Papers | O4: Finish Foils
A5: =IF(B5<>"","Curitiba","") -> Curitiba | B5: =_xlfn.XLOOKUP(D5,Reunido!B:B,Reunido!A:A,"",0) -> HUAW01 / HANGZHOU HUAWANG NEW MATERIAL TECHNOLOGY CO. | C5: =IF(D5<>0,IF(_xlfn.XLOOKUP(D5,Reunido!B:B,Reunido!BQ:BQ,"",0)="Print",$O$2,IF(_xlfn.XLOOKUP(D5,Reunido!B:B,Reunido!BQ:BQ,"",0)="IP",$O$3,IF(_xlfn.XLOOKUP(D5,Reunido!B:B,Reunido!BQ:BQ,"",0)="FF",$O$4,""))),"") -> Decorative Papers | D5: 18.856 | E5: HUAWON GRAY HG5089 (689) 68G/M2 1870MM (FSC MC) | F5: 1870 | G5: {=_xlfn.XLOOKUP(D5&F5,Reunido!B:B&Reunido!D:D,Reunido!E:E,"",1)} -> 25137 | H5: {=_xlfn.XLOOKUP(D5&F5,Reunido!B:B&Reunido!D:D,Reunido!I:I,"",1)} -> 54881.423 | I5: 46023 | J5: =C5 -> Decorative Papers
A6: =IF(B6<>"","Curitiba","") -> Curitiba | B6: =_xlfn.XLOOKUP(D6,Reunido!B:B,Reunido!A:A,"",0) -> MUNK04 / MUNKSJO PAPER S/A DETTINGEN / DEU | C6: =IF(D6<>0,IF(_xlfn.XLOOKUP(D6,Reunido!B:B,Reunido!BQ:BQ,"",0)="Print",$O$2,IF(_xlfn.XLOOKUP(D6,Reunido!B:B,Reunido!BQ:BQ,"",0)="IP",$O$3,IF(_xlfn.XLOOKUP(D6,Reunido!B:B,Reunido!BQ:BQ,"",0)="FF",$O$4,""))),"") -> Finish Foils | D6: 10.255 | E6: MUNKSJO 9370-070 PO MFOIL WHITE 70G/M² 1880MM (FSC MC) | F6: 1880 | G6: {=_xlfn.XLOOKUP(D6&F6,Reunido!B:B&Reunido!D:D,Reunido!E:E,"",1)} -> 46994 | H6: {=_xlfn.XLOOKUP(D6&F6,Reunido!B:B&Reunido!D:D,Reunido!I:I,"",1)} -> 153079.57 | I6: 46023 | J6: =C6 -> Finish Foils | O6: Preenche manualmente
A7: =IF(B7<>"","Curitiba","") -> Curitiba | B7: =_xlfn.XLOOKUP(D7,Reunido!B:B,Reunido!A:A,"",0) -> MUNK07 / MUNKSJO TOLOSA S.A.U. / ESP | C7: =IF(D7<>0,IF(_xlfn.XLOOKUP(D7,Reunido!B:B,Reunido!BQ:BQ,"",0)="Print",$O$2,IF(_xlfn.XLOOKUP(D7,Reunido!B:B,Reunido!BQ:BQ,"",0)="IP",$O$3,IF(_xlfn.XLOOKUP(D7,Reunido!B:B,Reunido!BQ:BQ,"",0)="FF",$O$4,""))),"") -> Decorative Papers | D7: 17.425 | E7: MUNKSJÖ 1410 ECO BROWN 68G/M2 1860MM (FSC MC) | F7: 1860 | G7: {=_xlfn.XLOOKUP(D7&F7,Reunido!B:B&Reunido!D:D,Reunido!E:E,"",1)} -> 24709 | H7: {=_xlfn.XLOOKUP(D7&F7,Reunido!B:B&Reunido!D:D,Reunido!I:I,"",1)} -> 52349.594 | I7: 46023 | J7: =C7 -> Decorative Papers | O7: Copia fórmula
A8: =IF(B8<>"","Curitiba","") -> Curitiba | B8: =_xlfn.XLOOKUP(D8,Reunido!B:B,Reunido!A:A,"",0) -> KOEH02 / KOEHLER PAPER SE / DEU | C8: =IF(D8<>0,IF(_xlfn.XLOOKUP(D8,Reunido!B:B,Reunido!BQ:BQ,"",0)="Print",$O$2,IF(_xlfn.XLOOKUP(D8,Reunido!B:B,Reunido!BQ:BQ,"",0)="IP",$O$3,IF(_xlfn.XLOOKUP(D8,Reunido!B:B,Reunido!BQ:BQ,"",0)="FF",$O$4,""))),"") -> Decorative Papers | D8: 14.108 | E8: KOEHLER 8269 ECO 68G/M2 1870MM (FSC MC) | F8: 1870 | G8: {=_xlfn.XLOOKUP(D8&F8,Reunido!B:B&Reunido!D:D,Reunido!E:E,"",1)} -> 51051 | H8: {=_xlfn.XLOOKUP(D8&F8,Reunido!B:B&Reunido!D:D,Reunido!I:I,"",1)} -> 118023.33 | I8: 46023 | J8: =C8 -> Decorative Papers | O8: Adapta fórmula conforme mês
A9: =IF(B9<>"","Curitiba","") -> Curitiba | B9: =_xlfn.XLOOKUP(D9,Reunido!B:B,Reunido!A:A,"",0) -> KOEH02 / KOEHLER PAPER SE / DEU | C9: =IF(D9<>0,IF(_xlfn.XLOOKUP(D9,Reunido!B:B,Reunido!BQ:BQ,"",0)="Print",$O$2,IF(_xlfn.XLOOKUP(D9,Reunido!B:B,Reunido!BQ:BQ,"",0)="IP",$O$3,IF(_xlfn.XLOOKUP(D9,Reunido!B:B,Reunido!BQ:BQ,"",0)="FF",$O$4,""))),"") -> Decorative Papers | D9: 14.127 | E9: KOEHLER 8292 ECO 70G/M² 1870MM LOP (FSC MC) | F9: 1870 | G9: {=_xlfn.XLOOKUP(D9&F9,Reunido!B:B&Reunido!D:D,Reunido!E:E,"",1)} -> 24960 | H9: {=_xlfn.XLOOKUP(D9&F9,Reunido!B:B&Reunido!D:D,Reunido!I:I,"",1)} -> 49309.825 | I9: 46023 | J9: =C9 -> Decorative Papers
A10: =IF(B10<>"","Curitiba","") -> Curitiba | B10: =_xlfn.XLOOKUP(D10,Reunido!B:B,Reunido!A:A,"",0) -> SUNS01 / CENTURY SUNSHINE (SHOUGUANG) SPECIALTY PAPER CO., LTD. | C10: =IF(D10<>0,IF(_xlfn.XLOOKUP(D10,Reunido!B:B,Reunido!BQ:BQ,"",0)="Print",$O$2,IF(_xlfn.XLOOKUP(D10,Reunido!B:B,Reunido!BQ:BQ,"",0)="IP",$O$3,IF(_xlfn.XLOOKUP(D10,Reunido!B:B,Reunido!BQ:BQ,"",0)="FF",$O$4,""))),"") -> Decorative Papers | D10: 18.402 | E10: SUNSHINE 0104 ECO 70G/M2 1870MM (FSC MC) | F10: 1870 | G10: {=_xlfn.XLOOKUP(D10&F10,Reunido!B:B&Reunido!D:D,Reunido!E:E,"",1)} -> 50606 | H10: {=_xlfn.XLOOKUP(D10&F10,Reunido!B:B&Reunido!D:D,Reunido!I:I,"",1)} -> 116621.25 | I10: 46023 | J10: =C10 -> Decorative Papers
A11: =IF(B11<>"","Curitiba","") -> Curitiba | B11: =_xlfn.XLOOKUP(D11,Reunido!B:B,Reunido!A:A,"",0) -> TECH01 / Felix Schoeller GmbH & Co. / DEU | C11: =IF(D11<>0,IF(_xlfn.XLOOKUP(D11,Reunido!B:B,Reunido!BQ:BQ,"",0)="Print",$O$2,IF(_xlfn.XLOOKUP(D11,Reunido!B:B,Reunido!BQ:BQ,"",0)="IP",$O$3,IF(_xlfn.XLOOKUP(D11,Reunido!B:B,Reunido!BQ:BQ,"",0)="FF",$O$4,""))),"") -> Decorative Papers | D11: 17.024 | E11: TECHNOCELL DEKOR MPK6656 68g/m2 1870mm 0399 | F11: 1870 | G11: {=_xlfn.XLOOKUP(D11&F11,Reunido!B:B&Reunido!D:D,Reunido!E:E,"",1)} -> 44151 | H11: {=_xlfn.XLOOKUP(D11&F11,Reunido!B:B&Reunido!D:D,Reunido!I:I,"",1)} -> 142474.26 | I11: 46023 | J11: =C11 -> Decorative Papers
A12: =IF(B12<>"","Curitiba","") -> Curitiba | B12: =_xlfn.XLOOKUP(D12,Reunido!B:B,Reunido!A:A,"",0) -> TECH01 / Felix Schoeller GmbH & Co. / DEU | C12: =IF(D12<>0,IF(_xlfn.XLOOKUP(D12,Reunido!B:B,Reunido!BQ:BQ,"",0)="Print",$O$2,IF(_xlfn.XLOOKUP(D12,Reunido!B:B,Reunido!BQ:BQ,"",0)="IP",$O$3,IF(_xlfn.XLOOKUP(D12,Reunido!B:B,Reunido!BQ:BQ,"",0)="FF",$O$4,""))),"") -> Decorative Papers | D12: 17.051 | E12: TECHNOCELL DEKOR MPK6552F 71G/M2 1870MM EIR (FSC MC) | F12: 1870 | G12: {=_xlfn.XLOOKUP(D12&F12,Reunido!B:B&Reunido!D:D,Reunido!E:E,"",1)} -> 23371 | H12: {=_xlfn.XLOOKUP(D12&F12,Reunido!B:B&Reunido!D:D,Reunido!I:I,"",1)} -> 69975.51 | I12: 46023 | J12: =C12 -> Decorative Papers
A13: =IF(B13<>"","Curitiba","") -> Curitiba | B13: =_xlfn.XLOOKUP(D13,Reunido!B:B,Reunido!A:A,"",0) -> TECH01 / Felix Schoeller GmbH & Co. / DEU | C13: =IF(D13<>0,IF(_xlfn.XLOOKUP(D13,Reunido!B:B,Reunido!BQ:BQ,"",0)="Print",$O$2,IF(_xlfn.XLOOKUP(D13,Reunido!B:B,Reunido!BQ:BQ,"",0)="IP",$O$3,IF(_xlfn.XLOOKUP(D13,Reunido!B:B,Reunido!BQ:BQ,"",0)="FF",$O$4,""))),"") -> Decorative Papers | D13: 17.059 | E13: TECHNOCELL BROWN MPK6287 (2795) 65g/m2 1870mm (FSC MC) | F13: 1870 | G13: {=_xlfn.XLOOKUP(D13&F13,Reunido!B:B&Reunido!D:D,Reunido!E:E,"",1)} -> 23074 | H13: {=_xlfn.XLOOKUP(D13&F13,Reunido!B:B&Reunido!D:D,Reunido!I:I,"",1)} -> 73649.163 | I13: 46023 | J13: =C13 -> Decorative Papers
A14: =IF(B14<>"","Curitiba","") -> Curitiba | B14: =_xlfn.XLOOKUP(D14,Reunido!B:B,Reunido!A:A,"",0) -> MLTV01 / VF PAPEIS S.A. / BRA | C14: =IF(D14<>0,IF(_xlfn.XLOOKUP(D14,Reunido!B:B,Reunido!BQ:BQ,"",0)="Print",$O$2,IF(_xlfn.XLOOKUP(D14,Reunido!B:B,Reunido!BQ:BQ,"",0)="IP",$O$3,IF(_xlfn.XLOOKUP(D14,Reunido!B:B,Reunido!BQ:BQ,"",0)="FF",$O$4,""))),"") -> Finish Foils | D14: 10.801 | E14: MVP FINISH FOIL BRANCO 40 G/M² 1900MM (FSC MC) | F14: 1900 | G14: {=_xlfn.XLOOKUP(D14&F14,Reunido!B:B&Reunido!D:D,Reunido!E:E,"",1)} -> 30236 | H14: {=_xlfn.XLOOKUP(D14&F14,Reunido!B:B&Reunido!D:D,Reunido!I:I,"",1)} -> 66962.828 | I14: 46023 | J14: =C14 -> Finish Foils
A15: =IF(B15<>"","Curitiba","") -> Curitiba | B15: =_xlfn.XLOOKUP(D15,Reunido!B:B,Reunido!A:A,"",0) -> MLTV01 / VF PAPEIS S.A. / BRA | C15: =IF(D15<>0,IF(_xlfn.XLOOKUP(D15,Reunido!B:B,Reunido!BQ:BQ,"",0)="Print",$O$2,IF(_xlfn.XLOOKUP(D15,Reunido!B:B,Reunido!BQ:BQ,"",0)="IP",$O$3,IF(_xlfn.XLOOKUP(D15,Reunido!B:B,Reunido!BQ:BQ,"",0)="FF",$O$4,""))),"") -> Finish Foils | D15: 10.805 | E15: MVP FINISH FOIL PARDO 40 G/M² 1900MM (FSC MC) | F15: 1900 | G15: {=_xlfn.XLOOKUP(D15&F15,Reunido!B:B&Reunido!D:D,Reunido!E:E,"",1)} -> 14324 | H15: {=_xlfn.XLOOKUP(D15&F15,Reunido!B:B&Reunido!D:D,Reunido!I:I,"",1)} -> 28217.07 | I15: 46023 | J15: =C15 -> Finish Foils
A16: =IF(B16<>"","Curitiba","") -> Curitiba | B16: =_xlfn.XLOOKUP(D16,Reunido!B:B,Reunido!A:A,"",0) -> MLTV01 / VF PAPEIS S.A. / BRA | C16: =IF(D16<>0,IF(_xlfn.XLOOKUP(D16,Reunido!B:B,Reunido!BQ:BQ,"",0)="Print",$O$2,IF(_xlfn.XLOOKUP(D16,Reunido!B:B,Reunido!BQ:BQ,"",0)="IP",$O$3,IF(_xlfn.XLOOKUP(D16,Reunido!B:B,Reunido!BQ:BQ,"",0)="FF",$O$4,""))),"") -> Finish Foils | D16: 10.860 | E16: MVP FFOIL BRANCO SUPER OPACIDADE 40 G/M2 1900MM (FSC MC) | F16: 1900 | G16: {=_xlfn.XLOOKUP(D16&F16,Reunido!B:B&Reunido!D:D,Reunido!E:E,"",1)} -> 26786 | H16: {=_xlfn.XLOOKUP(D16&F16,Reunido!B:B&Reunido!D:D,Reunido!I:I,"",1)} -> 80719.428 | I16: 46023 | J16: =C16 -> Finish Foils
A17: =IF(B17<>"","Curitiba","") -> Curitiba | B17: =_xlfn.XLOOKUP(D17,Reunido!B:B,Reunido!A:A,"",0) -> SUNS01 / CENTURY SUNSHINE (SHOUGUANG) SPECIALTY PAPER CO., LTD. | C17: =IF(D17<>0,IF(_xlfn.XLOOKUP(D17,Reunido!B:B,Reunido!BQ:BQ,"",0)="Print",$O$2,IF(_xlfn.XLOOKUP(D17,Reunido!B:B,Reunido!BQ:BQ,"",0)="IP",$O$3,IF(_xlfn.XLOOKUP(D17,Reunido!B:B,Reunido!BQ:BQ,"",0)="FF",$O$4,""))),"") -> Impregnated Papers | D17: 18.403 | E17: SUNSHINE 0104 ECO 80G/M2 1860MM (FSC MC) | F17: 1860 | G17: {=_xlfn.XLOOKUP(D17&F17,Reunido!B:B&Reunido!D:D,Reunido!J:J,"",1)} -> 48907 | H17: {=_xlfn.XLOOKUP(D17&F17,Reunido!B:B&Reunido!D:D,Reunido!N:N,"",1)} -> 110333.82 | I17: 46054 | J17: =C17 -> Impregnated Papers
A18: =IF(B18<>"","Curitiba","") -> Curitiba | B18: =_xlfn.XLOOKUP(D18,Reunido!B:B,Reunido!A:A,"",0) -> SUNS01 / CENTURY SUNSHINE (SHOUGUANG) SPECIALTY PAPER CO., LTD. | C18: =IF(D18<>0,IF(_xlfn.XLOOKUP(D18,Reunido!B:B,Reunido!BQ:BQ,"",0)="Print",$O$2,IF(_xlfn.XLOOKUP(D18,Reunido!B:B,Reunido!BQ:BQ,"",0)="IP",$O$3,IF(_xlfn.XLOOKUP(D18,Reunido!B:B,Reunido!BQ:BQ,"",0)="FF",$O$4,""))),"") -> Impregnated Papers | D18: 18.415 | E18: SUNSHINE 0104 ECO 80G/M2 1855MM (FSC MC) | F18: 1855 | G18: {=_xlfn.XLOOKUP(D18&F18,Reunido!B:B&Reunido!D:D,Reunido!J:J,"",1)} -> 122693 | H18: {=_xlfn.XLOOKUP(D18&F18,Reunido!B:B&Reunido!D:D,Reunido!N:N,"",1)} -> 283393.06 | I18: 46054 | J18: =C18 -> Impregnated Papers
A19: =IF(B19<>"","Curitiba","") -> Curitiba | B19: =_xlfn.XLOOKUP(D19,Reunido!B:B,Reunido!A:A,"",0) -> HUAW01 / HANGZHOU HUAWANG NEW MATERIAL TECHNOLOGY CO. | C19: =IF(D19<>0,IF(_xlfn.XLOOKUP(D19,Reunido!B:B,Reunido!BQ:BQ,"",0)="Print",$O$2,IF(_xlfn.XLOOKUP(D19,Reunido!B:B,Reunido!BQ:BQ,"",0)="IP",$O$3,IF(_xlfn.XLOOKUP(D19,Reunido!B:B,Reunido!BQ:BQ,"",0)="FF",$O$4,""))),"") -> Decorative Papers | D19: 18.856 | E19: HUAWON GRAY HG5089 (689) 68G/M2 1870MM (FSC MC) | F19: 1870 | G19: {=_xlfn.XLOOKUP(D19&F19,Reunido!B:B&Reunido!D:D,Reunido!J:J,"",1)} -> 25228 | H19: {=_xlfn.XLOOKUP(D19&F19,Reunido!B:B&Reunido!D:D,Reunido!N:N,"",1)} -> 55784.135 | I19: 46054 | J19: =C19 -> Decorative Papers
A20: =IF(B20<>"","Curitiba","") -> Curitiba | B20: =_xlfn.XLOOKUP(D20,Reunido!B:B,Reunido!A:A,"",0) -> MUNK09 / MUNKSJO CAIEIRAS LTDA / BRA | C20: =IF(D20<>0,IF(_xlfn.XLOOKUP(D20,Reunido!B:B,Reunido!BQ:BQ,"",0)="Print",$O$2,IF(_xlfn.XLOOKUP(D20,Reunido!B:B,Reunido!BQ:BQ,"",0)="IP",$O$3,IF(_xlfn.XLOOKUP(D20,Reunido!B:B,Reunido!BQ:BQ,"",0)="FF",$O$4,""))),"") -> Decorative Papers | D20: 16.064 | E20: DEKORPRINT WHITE 990 70G/M2 1870MM (FSC MC) | F20: 1870 | G20: {=_xlfn.XLOOKUP(D20&F20,Reunido!B:B&Reunido!D:D,Reunido!J:J,"",1)} -> 63281 | H20: {=_xlfn.XLOOKUP(D20&F20,Reunido!B:B&Reunido!D:D,Reunido!N:N,"",1)} -> 145148.54 | I20: 46054 | J20: =C20 -> Decorative Papers
A21: =IF(B21<>"","Curitiba","") -> Curitiba | B21: =_xlfn.XLOOKUP(D21,Reunido!B:B,Reunido!A:A,"",0) -> MUNK09 / MUNKSJO CAIEIRAS LTDA / BRA | C21: =IF(D21<>0,IF(_xlfn.XLOOKUP(D21,Reunido!B:B,Reunido!BQ:BQ,"",0)="Print",$O$2,IF(_xlfn.XLOOKUP(D21,Reunido!B:B,Reunido!BQ:BQ,"",0)="IP",$O$3,IF(_xlfn.XLOOKUP(D21,Reunido!B:B,Reunido!BQ:BQ,"",0)="FF",$O$4,""))),"") -> Impregnated Papers | D21: 16.068 | E21: DEKORPEL WHITE 963 78G/M2 1855MM (FSC MC) | F21: 1855 | G21: {=_xlfn.XLOOKUP(D21&F21,Reunido!B:B&Reunido!D:D,Reunido!J:J,"",1)} -> 88689 | H21: {=_xlfn.XLOOKUP(D21&F21,Reunido!B:B&Reunido!D:D,Reunido!N:N,"",1)} -> 203258.85 | I21: 46054 | J21: =C21 -> Impregnated Papers
A22: =IF(B22<>"","Curitiba","") -> Curitiba | B22: =_xlfn.XLOOKUP(D22,Reunido!B:B,Reunido!A:A,"",0) -> MLTV01 / VF PAPEIS S.A. / BRA | C22: =IF(D22<>0,IF(_xlfn.XLOOKUP(D22,Reunido!B:B,Reunido!BQ:BQ,"",0)="Print",$O$2,IF(_xlfn.XLOOKUP(D22,Reunido!B:B,Reunido!BQ:BQ,"",0)="IP",$O$3,IF(_xlfn.XLOOKUP(D22,Reunido!B:B,Reunido!BQ:BQ,"",0)="FF",$O$4,""))),"") -> Finish Foils | D22: 10.801 | E22: MVP FINISH FOIL BRANCO 40 G/M² 1900MM (FSC MC) | F22: 1900 | G22: {=_xlfn.XLOOKUP(D22&F22,Reunido!B:B&Reunido!D:D,Reunido!J:J,"",1)} -> 15029 | H22: {=_xlfn.XLOOKUP(D22&F22,Reunido!B:B&Reunido!D:D,Reunido!N:N,"",1)} -> 34457.338 | I22: 46054 | J22: =C22 -> Finish Foils
A23: =IF(B23<>"","Curitiba","") -> Curitiba | B23: =_xlfn.XLOOKUP(D23,Reunido!B:B,Reunido!A:A,"",0) -> MLTV01 / VF PAPEIS S.A. / BRA | C23: =IF(D23<>0,IF(_xlfn.XLOOKUP(D23,Reunido!B:B,Reunido!BQ:BQ,"",0)="Print",$O$2,IF(_xlfn.XLOOKUP(D23,Reunido!B:B,Reunido!BQ:BQ,"",0)="IP",$O$3,IF(_xlfn.XLOOKUP(D23,Reunido!B:B,Reunido!BQ:BQ,"",0)="FF",$O$4,""))),"") -> Finish Foils | D23: 10.805 | E23: MVP FINISH FOIL PARDO 40 G/M² 1900MM (FSC MC) | F23: 1900 | G23: {=_xlfn.XLOOKUP(D23&F23,Reunido!B:B&Reunido!D:D,Reunido!J:J,"",1)} -> 30382 | H23: {=_xlfn.XLOOKUP(D23&F23,Reunido!B:B&Reunido!D:D,Reunido!N:N,"",1)} -> 61581.324 | I23: 46054 | J23: =C23 -> Finish Foils
A24: =IF(B24<>"","Curitiba","") -> Curitiba | B24: =_xlfn.XLOOKUP(D24,Reunido!B:B,Reunido!A:A,"",0) -> SUNS01 / CENTURY SUNSHINE (SHOUGUANG) SPECIALTY PAPER CO., LTD. | C24: =IF(D24<>0,IF(_xlfn.XLOOKUP(D24,Reunido!B:B,Reunido!BQ:BQ,"",0)="Print",$O$2,IF(_xlfn.XLOOKUP(D24,Reunido!B:B,Reunido!BQ:BQ,"",0)="IP",$O$3,IF(_xlfn.XLOOKUP(D24,Reunido!B:B,Reunido!BQ:BQ,"",0)="FF",$O$4,""))),"") -> Decorative Papers | D24: 7000459 | E24: DPU 01 0104 070 SUNS | F24: 1870 | G24: {=_xlfn.XLOOKUP(D24&F24,Reunido!B:B&Reunido!D:D,Reunido!O:O,"",1)} -> 102917 | H24: {=_xlfn.XLOOKUP(D24&F24,Reunido!B:B&Reunido!D:D,Reunido!S:S,"",1)} -> 192766.18 | I24: 46082 | J24: =C24 -> Decorative Papers
A25: =IF(B25<>"","Curitiba","") -> Curitiba | B25: =_xlfn.XLOOKUP(D25,Reunido!B:B,Reunido!A:A,"",0) -> SUNS01 / CENTURY SUNSHINE (SHOUGUANG) SPECIALTY PAPER CO., LTD. | C25: =IF(D25<>0,IF(_xlfn.XLOOKUP(D25,Reunido!B:B,Reunido!BQ:BQ,"",0)="Print",$O$2,IF(_xlfn.XLOOKUP(D25,Reunido!B:B,Reunido!BQ:BQ,"",0)="IP",$O$3,IF(_xlfn.XLOOKUP(D25,Reunido!B:B,Reunido!BQ:BQ,"",0)="FF",$O$4,""))),"") -> Impregnated Papers | D25: 7000481 | E25: DPU 01 0104 080 SUNS | F25: 1855 | G25: {=_xlfn.XLOOKUP(D25&F25,Reunido!B:B&Reunido!D:D,Reunido!O:O,"",1)} -> 374939 | H25: {=_xlfn.XLOOKUP(D25&F25,Reunido!B:B&Reunido!D:D,Reunido!S:S,"",1)} -> 714213.05 | I25: 46082 | J25: =C25 -> Impregnated Papers
A26: =IF(B26<>"","Curitiba","") -> Curitiba | B26: =_xlfn.XLOOKUP(D26,Reunido!B:B,Reunido!A:A,"",0) -> HUAW01 / HANGZHOU HUAWANG NEW MATERIAL TECHNOLOGY CO. | C26: =IF(D26<>0,IF(_xlfn.XLOOKUP(D26,Reunido!B:B,Reunido!BQ:BQ,"",0)="Print",$O$2,IF(_xlfn.XLOOKUP(D26,Reunido!B:B,Reunido!BQ:BQ,"",0)="IP",$O$3,IF(_xlfn.XLOOKUP(D26,Reunido!B:B,Reunido!BQ:BQ,"",0)="FF",$O$4,""))),"") -> Decorative Papers | D26: 7002028 | E26: PBM 01 1833 070 HUAW | F26: 1860 | G26: {=_xlfn.XLOOKUP(D26&F26,Reunido!B:B&Reunido!D:D,Reunido!O:O,"",1)} -> 2030 | H26: {=_xlfn.XLOOKUP(D26&F26,Reunido!B:B&Reunido!D:D,Reunido!S:S,"",1)} -> 3167.865 | I26: 46082 | J26: =C26 -> Decorative Papers
A27: =IF(B27<>"","Curitiba","") -> Curitiba | B27: =_xlfn.XLOOKUP(D27,Reunido!B:B,Reunido!A:A,"",0) -> CART01 / CARTIERE DI GUARCINO S.P.A. / ITA | C27: =IF(D27<>0,IF(_xlfn.XLOOKUP(D27,Reunido!B:B,Reunido!BQ:BQ,"",0)="Print",$O$2,IF(_xlfn.XLOOKUP(D27,Reunido!B:B,Reunido!BQ:BQ,"",0)="IP",$O$3,IF(_xlfn.XLOOKUP(D27,Reunido!B:B,Reunido!BQ:BQ,"",0)="FF",$O$4,""))),"") -> Decorative Papers | D27: 7004664 | E27: PBM 05 0248 065 CART | F27: 2060 | G27: {=_xlfn.XLOOKUP(D27&F27,Reunido!B:B&Reunido!D:D,Reunido!O:O,"",1)} -> 1366 | H27: {=_xlfn.XLOOKUP(D27&F27,Reunido!B:B&Reunido!D:D,Reunido!S:S,"",1)} -> 3060.8683 | I27: 46082 | J27: =C27 -> Decorative Papers
A28: =IF(B28<>"","Curitiba","") -> Curitiba | B28: =_xlfn.XLOOKUP(D28,Reunido!B:B,Reunido!A:A,"",0) -> KOEH02 / KOEHLER PAPER SE / DEU | C28: =IF(D28<>0,IF(_xlfn.XLOOKUP(D28,Reunido!B:B,Reunido!BQ:BQ,"",0)="Print",$O$2,IF(_xlfn.XLOOKUP(D28,Reunido!B:B,Reunido!BQ:BQ,"",0)="IP",$O$3,IF(_xlfn.XLOOKUP(D28,Reunido!B:B,Reunido!BQ:BQ,"",0)="FF",$O$4,""))),"") -> Decorative Papers | D28: 7004665 | E28: PBM 05 0248 065 KOEH | F28: 2060 | G28: {=_xlfn.XLOOKUP(D28&F28,Reunido!B:B&Reunido!D:D,Reunido!O:O,"",1)} -> 2296 | H28: {=_xlfn.XLOOKUP(D28&F28,Reunido!B:B&Reunido!D:D,Reunido!S:S,"",1)} -> 5282.5752 | I28: 46082 | J28: =C28 -> Decorative Papers
A29: =IF(B29<>"","Curitiba","") -> Curitiba | B29: =_xlfn.XLOOKUP(D29,Reunido!B:B,Reunido!A:A,"",0) -> KOEH02 / KOEHLER PAPER SE / DEU | C29: =IF(D29<>0,IF(_xlfn.XLOOKUP(D29,Reunido!B:B,Reunido!BQ:BQ,"",0)="Print",$O$2,IF(_xlfn.XLOOKUP(D29,Reunido!B:B,Reunido!BQ:BQ,"",0)="IP",$O$3,IF(_xlfn.XLOOKUP(D29,Reunido!B:B,Reunido!BQ:BQ,"",0)="FF",$O$4,""))),"") -> Decorative Papers | D29: 2032265 | E29: PBM 02 8269 068 KOEH | F29: 1870 | G29: {=_xlfn.XLOOKUP(D29&F29,Reunido!B:B&Reunido!D:D,Reunido!O:O,"",1)} -> 99116 | H29: {=_xlfn.XLOOKUP(D29&F29,Reunido!B:B&Reunido!D:D,Reunido!S:S,"",1)} -> 203383.1 | I29: 46082 | J29: =C29 -> Decorative Papers
A30: =IF(B30<>"","Curitiba","") -> Curitiba | B30: =_xlfn.XLOOKUP(D30,Reunido!B:B,Reunido!A:A,"",0) -> KOEH02 / KOEHLER PAPER SE / DEU | C30: =IF(D30<>0,IF(_xlfn.XLOOKUP(D30,Reunido!B:B,Reunido!BQ:BQ,"",0)="Print",$O$2,IF(_xlfn.XLOOKUP(D30,Reunido!B:B,Reunido!BQ:BQ,"",0)="IP",$O$3,IF(_xlfn.XLOOKUP(D30,Reunido!B:B,Reunido!BQ:BQ,"",0)="FF",$O$4,""))),"") -> Decorative Papers | D30: 7000451 | E30: PBM 02 8292 070 KOEH LOP | F30: 1870 | G30: {=_xlfn.XLOOKUP(D30&F30,Reunido!B:B&Reunido!D:D,Reunido!O:O,"",1)} -> 25900 | H30: {=_xlfn.XLOOKUP(D30&F30,Reunido!B:B&Reunido!D:D,Reunido!S:S,"",1)} -> 44562.981 | I30: 46082 | J30: =C30 -> Decorative Papers
A31: =IF(B31<>"","Curitiba","") -> Curitiba | B31: =_xlfn.XLOOKUP(D31,Reunido!B:B,Reunido!A:A,"",0) -> MALT01 / MALTA-DECOR SP. Z O. O. / POL | C31: =IF(D31<>0,IF(_xlfn.XLOOKUP(D31,Reunido!B:B,Reunido!BQ:BQ,"",0)="Print",$O$2,IF(_xlfn.XLOOKUP(D31,Reunido!B:B,Reunido!BQ:BQ,"",0)="IP",$O$3,IF(_xlfn.XLOOKUP(D31,Reunido!B:B,Reunido!BQ:BQ,"",0)="FF",$O$4,""))),"") -> Decorative Papers | D31: 7000450 | E31: PBM 02 0244 065 MALT | F31: 1870 | G31: {=_xlfn.XLOOKUP(D31&F31,Reunido!B:B&Reunido!D:D,Reunido!O:O,"",1)} -> 60282 | H31: {=_xlfn.XLOOKUP(D31&F31,Reunido!B:B&Reunido!D:D,Reunido!S:S,"",1)} -> 155011.34 | I31: 46082 | J31: =C31 -> Decorative Papers
A32: =IF(B32<>"","Curitiba","") -> Curitiba | B32: =_xlfn.XLOOKUP(D32,Reunido!B:B,Reunido!A:A,"",0) -> MLTV01 / VF PAPEIS S.A. / BRA | C32: =IF(D32<>0,IF(_xlfn.XLOOKUP(D32,Reunido!B:B,Reunido!BQ:BQ,"",0)="Print",$O$2,IF(_xlfn.XLOOKUP(D32,Reunido!B:B,Reunido!BQ:BQ,"",0)="IP",$O$3,IF(_xlfn.XLOOKUP(D32,Reunido!B:B,Reunido!BQ:BQ,"",0)="FF",$O$4,""))),"") -> Finish Foils | D32: 7000470 | E32: PIP 01 9371 040 VERD HIGH OP | F32: 1900 | G32: {=_xlfn.XLOOKUP(D32&F32,Reunido!B:B&Reunido!D:D,Reunido!O:O,"",1)} -> 53054 | H32: {=_xlfn.XLOOKUP(D32&F32,Reunido!B:B&Reunido!D:D,Reunido!S:S,"",1)} -> 217773.55 | I32: 46082 | J32: =C32 -> Finish Foils
A33: =IF(B33<>"","Curitiba","") -> Curitiba | B33: =_xlfn.XLOOKUP(D33,Reunido!B:B,Reunido!A:A,"",0) -> MLTV01 / VF PAPEIS S.A. / BRA | C33: =IF(D33<>0,IF(_xlfn.XLOOKUP(D33,Reunido!B:B,Reunido!BQ:BQ,"",0)="Print",$O$2,IF(_xlfn.XLOOKUP(D33,Reunido!B:B,Reunido!BQ:BQ,"",0)="IP",$O$3,IF(_xlfn.XLOOKUP(D33,Reunido!B:B,Reunido!BQ:BQ,"",0)="FF",$O$4,""))),"") -> Finish Foils | D33: 7000471 | E33: PIP 01 9372 040 VERD | F33: 1900 | G33: {=_xlfn.XLOOKUP(D33&F33,Reunido!B:B&Reunido!D:D,Reunido!O:O,"",1)} -> 14794 | H33: {=_xlfn.XLOOKUP(D33&F33,Reunido!B:B&Reunido!D:D,Reunido!S:S,"",1)} -> 45606.202 | I33: 46082 | J33: =C33 -> Finish Foils
A34: =IF(B34<>"","Curitiba","") -> Curitiba | B34: =_xlfn.XLOOKUP(D34,Reunido!B:B,Reunido!A:A,"",0) -> MLTV01 / VF PAPEIS S.A. / BRA | C34: =IF(D34<>0,IF(_xlfn.XLOOKUP(D34,Reunido!B:B,Reunido!BQ:BQ,"",0)="Print",$O$2,IF(_xlfn.XLOOKUP(D34,Reunido!B:B,Reunido!BQ:BQ,"",0)="IP",$O$3,IF(_xlfn.XLOOKUP(D34,Reunido!B:B,Reunido!BQ:BQ,"",0)="FF",$O$4,""))),"") -> Finish Foils | D34: 7000473 | E34: PIP 02 9374 040 VERD | F34: 1900 | G34: {=_xlfn.XLOOKUP(D34&F34,Reunido!B:B&Reunido!D:D,Reunido!O:O,"",1)} -> 15704 | H34: {=_xlfn.XLOOKUP(D34&F34,Reunido!B:B&Reunido!D:D,Reunido!S:S,"",1)} -> 42216.985 | I34: 46082 | J34: =C34 -> Finish Foils
A35: =IF(B35<>"","Curitiba","") -> Curitiba | B35: =_xlfn.XLOOKUP(D35,Reunido!B:B,Reunido!A:A,"",0) -> MLTV01 / VF PAPEIS S.A. / BRA | C35: =IF(D35<>0,IF(_xlfn.XLOOKUP(D35,Reunido!B:B,Reunido!BQ:BQ,"",0)="Print",$O$2,IF(_xlfn.XLOOKUP(D35,Reunido!B:B,Reunido!BQ:BQ,"",0)="IP",$O$3,IF(_xlfn.XLOOKUP(D35,Reunido!B:B,Reunido!BQ:BQ,"",0)="FF",$O$4,""))),"") -> Finish Foils | D35: 7000476 | E35: PIP 07 9377 040 VERD | F35: 1900 | G35: {=_xlfn.XLOOKUP(D35&F35,Reunido!B:B&Reunido!D:D,Reunido!O:O,"",1)} -> 12744 | H35: {=_xlfn.XLOOKUP(D35&F35,Reunido!B:B&Reunido!D:D,Reunido!S:S,"",1)} -> 46534.109 | I35: 46082 | J35: =C35 -> Finish Foils
... A48: =IF(B48<>"","Curitiba","") -> Curitiba | B48: =_xlfn.XLOOKUP(D48,Reunido!B:B,Reunido!A:A,"",0) -> TECH01 / Felix Schoeller GmbH & Co. / DEU | C48: =IF(D48<>0,IF(_xlfn.XLOOKUP(D48,Reunido!B:B,Reunido!BQ:BQ,"",0)="Print",$O$2,IF(_xlfn.XLOOKUP(D48,Reunido!B:B,Reunido!BQ:BQ,"",0)="IP",$O$3,IF(_xlfn.XLOOKUP(D48,Reunido!B:B,Reunido!BQ:BQ,"",0)="FF",$O$4,""))),"") -> Decorative Papers | D48: 7004320 | E48: PBM 05 0380 70 TECH | F48: 1870 | G48: {=_xlfn.XLOOKUP(D48&F48,Reunido!B:B&Reunido!D:D,Reunido!O:O,"",1)} -> 30039 | H48: {=_xlfn.XLOOKUP(D48&F48,Reunido!B:B&Reunido!D:D,Reunido!S:S,"",1)} -> 77887.211 | I48: 46082 | J48: =C48 -> Decorative Papers
A49: =IF(B49<>"","Curitiba","") -> Curitiba | B49: =_xlfn.XLOOKUP(D49,Reunido!B:B,Reunido!A:A,"",0) -> CART01 / CARTIERE DI GUARCINO S.P.A. / ITA | C49: =IF(D49<>0,IF(_xlfn.XLOOKUP(D49,Reunido!B:B,Reunido!BQ:BQ,"",0)="Print",$O$2,IF(_xlfn.XLOOKUP(D49,Reunido!B:B,Reunido!BQ:BQ,"",0)="IP",$O$3,IF(_xlfn.XLOOKUP(D49,Reunido!B:B,Reunido!BQ:BQ,"",0)="FF",$O$4,""))),"") -> Impregnated Papers | D49: 7002369 | E49: DPU 01 0002 80 CART | F49: 1865 | G49: {=_xlfn.XLOOKUP(D49&F49,Reunido!B:B&Reunido!D:D,Reunido!T:T,"",1)} -> 7391 | H49: {=_xlfn.XLOOKUP(D49&F49,Reunido!B:B&Reunido!D:D,Reunido!X:X,"",1)} -> 21302.239 | I49: 46113 | J49: =C49 -> Impregnated Papers
A50: =IF(B50<>"","Curitiba","") -> Curitiba | B50: =_xlfn.XLOOKUP(D50,Reunido!B:B,Reunido!A:A,"",0) -> CART01 / CARTIERE DI GUARCINO S.P.A. / ITA | C50: =IF(D50<>0,IF(_xlfn.XLOOKUP(D50,Reunido!B:B,Reunido!BQ:BQ,"",0)="Print",$O$2,IF(_xlfn.XLOOKUP(D50,Reunido!B:B,Reunido!BQ:BQ,"",0)="IP",$O$3,IF(_xlfn.XLOOKUP(D50,Reunido!B:B,Reunido!BQ:BQ,"",0)="FF",$O$4,""))),"") -> Decorative Papers | D50: 7004755 | E50: PBM 05 0483 068 CART | F50: 1870 | G50: {=_xlfn.XLOOKUP(D50&F50,Reunido!B:B&Reunido!D:D,Reunido!T:T,"",1)} -> 7695 | H50: {=_xlfn.XLOOKUP(D50&F50,Reunido!B:B&Reunido!D:D,Reunido!X:X,"",1)} -> 18090.234 | I50: 46113 | J50: =C50 -> Decorative Papers
A51: =IF(B51<>"","Curitiba","") -> Curitiba | B51: =_xlfn.XLOOKUP(D51,Reunido!B:B,Reunido!A:A,"",0) -> CART01 / CARTIERE DI GUARCINO S.P.A. / ITA | C51: =IF(D51<>0,IF(_xlfn.XLOOKUP(D51,Reunido!B:B,Reunido!BQ:BQ,"",0)="Print",$O$2,IF(_xlfn.XLOOKUP(D51,Reunido!B:B,Reunido!BQ:BQ,"",0)="IP",$O$3,IF(_xlfn.XLOOKUP(D51,Reunido!B:B,Reunido!BQ:BQ,"",0)="FF",$O$4,""))),"") -> Decorative Papers | D51: 7004756 | E51: PBM 05 689 068 CART | F51: 1870 | G51: {=_xlfn.XLOOKUP(D51&F51,Reunido!B:B&Reunido!D:D,Reunido!T:T,"",1)} -> 6437 | H51: {=_xlfn.XLOOKUP(D51&F51,Reunido!B:B&Reunido!D:D,Reunido!X:X,"",1)} -> 15132.793 | I51: 46113 | J51: =C51 -> Decorative Papers
A52: =IF(B52<>"","Curitiba","") -> Curitiba | B52: =_xlfn.XLOOKUP(D52,Reunido!B:B,Reunido!A:A,"",0) -> HUAW01 / HANGZHOU HUAWANG NEW MATERIAL TECHNOLOGY CO. | C52: =IF(D52<>0,IF(_xlfn.XLOOKUP(D52,Reunido!B:B,Reunido!BQ:BQ,"",0)="Print",$O$2,IF(_xlfn.XLOOKUP(D52,Reunido!B:B,Reunido!BQ:BQ,"",0)="IP",$O$3,IF(_xlfn.XLOOKUP(D52,Reunido!B:B,Reunido!BQ:BQ,"",0)="FF",$O$4,""))),"") -> Decorative Papers | D52: 2010899 | E52: PBM 05 0483 068 HUAW (5083) | F52: 1870 | G52: {=_xlfn.XLOOKUP(D52&F52,Reunido!B:B&Reunido!D:D,Reunido!T:T,"",1)} -> 190866 | H52: {=_xlfn.XLOOKUP(D52&F52,Reunido!B:B&Reunido!D:D,Reunido!X:X,"",1)} -> 368092.02 | I52: 46113 | J52: =C52 -> Decorative Papers
A53: =IF(B53<>"","Curitiba","") -> Curitiba | B53: =_xlfn.XLOOKUP(D53,Reunido!B:B,Reunido!A:A,"",0) -> HUAW01 / HANGZHOU HUAWANG NEW MATERIAL TECHNOLOGY CO. | C53: =IF(D53<>0,IF(_xlfn.XLOOKUP(D53,Reunido!B:B,Reunido!BQ:BQ,"",0)="Print",$O$2,IF(_xlfn.XLOOKUP(D53,Reunido!B:B,Reunido!BQ:BQ,"",0)="IP",$O$3,IF(_xlfn.XLOOKUP(D53,Reunido!B:B,Reunido!BQ:BQ,"",0)="FF",$O$4,""))),"") -> Decorative Papers | D53: 2090448 | E53: PBM 05 689 068 HUAW (5089) | F53: 1870 | G53: {=_xlfn.XLOOKUP(D53&F53,Reunido!B:B&Reunido!D:D,Reunido!T:T,"",1)} -> 75156 | H53: {=_xlfn.XLOOKUP(D53&F53,Reunido!B:B&Reunido!D:D,Reunido!X:X,"",1)} -> 143851.95 | I53: 46113 | J53: =C53 -> Decorative Papers
A54: =IF(B54<>"","Curitiba","") -> Curitiba | B54: =_xlfn.XLOOKUP(D54,Reunido!B:B,Reunido!A:A,"",0) -> HUAW01 / HANGZHOU HUAWANG NEW MATERIAL TECHNOLOGY CO. | C54: =IF(D54<>0,IF(_xlfn.XLOOKUP(D54,Reunido!B:B,Reunido!BQ:BQ,"",0)="Print",$O$2,IF(_xlfn.XLOOKUP(D54,Reunido!B:B,Reunido!BQ:BQ,"",0)="IP",$O$3,IF(_xlfn.XLOOKUP(D54,Reunido!B:B,Reunido!BQ:BQ,"",0)="FF",$O$4,""))),"") -> Decorative Papers | D54: 7002372 | E54: PBM 05 0248 065 HUAW | F54: 1870 | G54: {=_xlfn.XLOOKUP(D54&F54,Reunido!B:B&Reunido!D:D,Reunido!T:T,"",1)} -> 100046 | H54: {=_xlfn.XLOOKUP(D54&F54,Reunido!B:B&Reunido!D:D,Reunido!X:X,"",1)} -> 195595.05 | I54: 46113 | J54: =C54 -> Decorative Papers
A55: =IF(B55<>"","Curitiba","") -> Curitiba | B55: =_xlfn.XLOOKUP(D55,Reunido!B:B,Reunido!A:A,"",0) -> HUAW01 / HANGZHOU HUAWANG NEW MATERIAL TECHNOLOGY CO. | C55: =IF(D55<>0,IF(_xlfn.XLOOKUP(D55,Reunido!B:B,Reunido!BQ:BQ,"",0)="Print",$O$2,IF(_xlfn.XLOOKUP(D55,Reunido!B:B,Reunido!BQ:BQ,"",0)="IP",$O$3,IF(_xlfn.XLOOKUP(D55,Reunido!B:B,Reunido!BQ:BQ,"",0)="FF",$O$4,""))),"") -> Decorative Papers | D55: 7004758 | E55: PBM 01 0004 070 HUAW | F55: 1870 | G55: {=_xlfn.XLOOKUP(D55&F55,Reunido!B:B&Reunido!D:D,Reunido!T:T,"",1)} -> 5928 | H55: {=_xlfn.XLOOKUP(D55&F55,Reunido!B:B&Reunido!D:D,Reunido!X:X,"",1)} -> 11035.695 | I55: 46113 | J55: =C55 -> Decorative Papers
A56: =IF(B56<>"","Curitiba","") -> Curitiba | B56: =_xlfn.XLOOKUP(D56,Reunido!B:B,Reunido!A:A,"",0) -> HUAW01 / HANGZHOU HUAWANG NEW MATERIAL TECHNOLOGY CO. | C56: =IF(D56<>0,IF(_xlfn.XLOOKUP(D56,Reunido!B:B,Reunido!BQ:BQ,"",0)="Print",$O$2,IF(_xlfn.XLOOKUP(D56,Reunido!B:B,Reunido!BQ:BQ,"",0)="IP",$O$3,IF(_xlfn.XLOOKUP(D56,Reunido!B:B,Reunido!BQ:BQ,"",0)="FF",$O$4,""))),"") -> Decorative Papers | D56: 7004759 | E56: DPU 01 0104 080 HUAW | F56: 1860 | G56: {=_xlfn.XLOOKUP(D56&F56,Reunido!B:B&Reunido!D:D,Reunido!T:T,"",1)} -> 3078 | H56: {=_xlfn.XLOOKUP(D56&F56,Reunido!B:B&Reunido!D:D,Reunido!X:X,"",1)} -> 5730.0725 | I56: 46113 | J56: =C56 -> Decorative Papers
A57: =IF(B57<>"","Curitiba","") -> Curitiba | B57: =_xlfn.XLOOKUP(D57,Reunido!B:B,Reunido!A:A,"",0) -> KING01 / KINGDECOR (ZHEJIANG) CO., LTD | C57: =IF(D57<>0,IF(_xlfn.XLOOKUP(D57,Reunido!B:B,Reunido!BQ:BQ,"",0)="Print",$O$2,IF(_xlfn.XLOOKUP(D57,Reunido!B:B,Reunido!BQ:BQ,"",0)="IP",$O$3,IF(_xlfn.XLOOKUP(D57,Reunido!B:B,Reunido!BQ:BQ,"",0)="FF",$O$4,""))),"") -> Finish Foils | D57: 7002362 | E57: PIP 01 9370 070 KING PO NEW WHITE | F57: 1880 | G57: {=_xlfn.XLOOKUP(D57&F57,Reunido!B:B&Reunido!D:D,Reunido!T:T,"",1)} -> 45773 | H57: {=_xlfn.XLOOKUP(D57&F57,Reunido!B:B&Reunido!D:D,Reunido!X:X,"",1)} -> 129805.77 | I57: 46113 | J57: =C57 -> Finish Foils
A58: =IF(B58<>"","Curitiba","") -> Curitiba | B58: =_xlfn.XLOOKUP(D58,Reunido!B:B,Reunido!A:A,"",0) -> KING01 / KINGDECOR (ZHEJIANG) CO., LTD | C58: =IF(D58<>0,IF(_xlfn.XLOOKUP(D58,Reunido!B:B,Reunido!BQ:BQ,"",0)="Print",$O$2,IF(_xlfn.XLOOKUP(D58,Reunido!B:B,Reunido!BQ:BQ,"",0)="IP",$O$3,IF(_xlfn.XLOOKUP(D58,Reunido!B:B,Reunido!BQ:BQ,"",0)="FF",$O$4,""))),"") -> Decorative Papers | D58: 7004722 | E58: PBM 01 0087 050 KING (XH1007D) | F58: 1870 | G58: {=_xlfn.XLOOKUP(D58&F58,Reunido!B:B&Reunido!D:D,Reunido!T:T,"",1)} -> 841 | H58: {=_xlfn.XLOOKUP(D58&F58,Reunido!B:B&Reunido!D:D,Reunido!X:X,"",1)} -> 1025.1128 | I58: 46113 | J58: =C58 -> Decorative Papers
A59: =IF(B59<>"","Curitiba","") -> Curitiba | B59: =_xlfn.XLOOKUP(D59,Reunido!B:B,Reunido!A:A,"",0) -> KING01 / KINGDECOR (ZHEJIANG) CO., LTD | C59: =IF(D59<>0,IF(_xlfn.XLOOKUP(D59,Reunido!B:B,Reunido!BQ:BQ,"",0)="Print",$O$2,IF(_xlfn.XLOOKUP(D59,Reunido!B:B,Reunido!BQ:BQ,"",0)="IP",$O$3,IF(_xlfn.XLOOKUP(D59,Reunido!B:B,Reunido!BQ:BQ,"",0)="FF",$O$4,""))),"") -> Finish Foils | D59: 7004757 | E59: PIP 01 9370 065 KING PO NEW WHITE | F59: 1880 | G59: {=_xlfn.XLOOKUP(D59&F59,Reunido!B:B&Reunido!D:D,Reunido!T:T,"",1)} -> 5021 | H59: {=_xlfn.XLOOKUP(D59&F59,Reunido!B:B&Reunido!D:D,Reunido!X:X,"",1)} -> 14238.848 | I59: 46113 | J59: =C59 -> Finish Foils
A60: =IF(B60<>"","Curitiba","") -> Curitiba | B60: =_xlfn.XLOOKUP(D60,Reunido!B:B,Reunido!A:A,"",0) -> KING01 / KINGDECOR (ZHEJIANG) CO., LTD | C60: =IF(D60<>0,IF(_xlfn.XLOOKUP(D60,Reunido!B:B,Reunido!BQ:BQ,"",0)="Print",$O$2,IF(_xlfn.XLOOKUP(D60,Reunido!B:B,Reunido!BQ:BQ,"",0)="IP",$O$3,IF(_xlfn.XLOOKUP(D60,Reunido!B:B,Reunido!BQ:BQ,"",0)="FF",$O$4,""))),"") -> Decorative Papers | D60: 7004848 | E60: DPU 01 0104 070 KING | F60: 1870 | G60: {=_xlfn.XLOOKUP(D60&F60,Reunido!B:B&Reunido!D:D,Reunido!T:T,"",1)} -> 50573 | H60: {=_xlfn.XLOOKUP(D60&F60,Reunido!B:B&Reunido!D:D,Reunido!X:X,"",1)} -> 96240.955 | I60: 46113 | J60: =C60 -> Decorative Papers
... A71: =IF(B71<>"","Curitiba","") -> Curitiba | B71: =_xlfn.XLOOKUP(D71,Reunido!B:B,Reunido!A:A,"",0) -> SUNS01 / CENTURY SUNSHINE (SHOUGUANG) SPECIALTY PAPER CO., LTD. | C71: =IF(D71<>0,IF(_xlfn.XLOOKUP(D71,Reunido!B:B,Reunido!BQ:BQ,"",0)="Print",$O$2,IF(_xlfn.XLOOKUP(D71,Reunido!B:B,Reunido!BQ:BQ,"",0)="IP",$O$3,IF(_xlfn.XLOOKUP(D71,Reunido!B:B,Reunido!BQ:BQ,"",0)="FF",$O$4,""))),"") -> Impregnated Papers | D71: 7000481 | E71: DPU 01 0104 080 SUNS | F71: 1855 | G71: {=_xlfn.XLOOKUP(D71&F71,Reunido!B:B&Reunido!D:D,Reunido!T:T,"",1)} -> 149497 | H71: {=_xlfn.XLOOKUP(D71&F71,Reunido!B:B&Reunido!D:D,Reunido!X:X,"",1)} -> 275975.24 | I71: 46113 | J71: =C71 -> Impregnated Papers
A72: =IF(B72<>"","Curitiba","") -> Curitiba | B72: =_xlfn.XLOOKUP(D72,Reunido!B:B,Reunido!A:A,"",0) -> SUNS01 / CENTURY SUNSHINE (SHOUGUANG) SPECIALTY PAPER CO., LTD. | C72: Decorative Papers | D72: 7000481 | E72: DPU 01 0104 080 SUNS | F72: 1860 | G72: {=_xlfn.XLOOKUP(D72&F72,Reunido!B:B&Reunido!D:D,Reunido!T:T,"",1)} -> 49739 | H72: {=_xlfn.XLOOKUP(D72&F72,Reunido!B:B&Reunido!D:D,Reunido!X:X,"",1)} -> 94710.506 | I72: 46113 | J72: =C72 -> Decorative Papers
A73: =IF(B73<>"","Curitiba","") -> Curitiba | B73: =_xlfn.XLOOKUP(D73,Reunido!B:B,Reunido!A:A,"",0) -> TECH01 / Felix Schoeller GmbH & Co. / DEU | C73: =IF(D73<>0,IF(_xlfn.XLOOKUP(D73,Reunido!B:B,Reunido!BQ:BQ,"",0)="Print",$O$2,IF(_xlfn.XLOOKUP(D73,Reunido!B:B,Reunido!BQ:BQ,"",0)="IP",$O$3,IF(_xlfn.XLOOKUP(D73,Reunido!B:B,Reunido!BQ:BQ,"",0)="FF",$O$4,""))),"") -> Decorative Papers | D73: 2043069 | E73: PBM 02 8269 071 TECH EIR (6552) | F73: 1870 | G73: {=_xlfn.XLOOKUP(D73&F73,Reunido!B:B&Reunido!D:D,Reunido!T:T,"",1)} -> 31655 | H73: {=_xlfn.XLOOKUP(D73&F73,Reunido!B:B&Reunido!D:D,Reunido!X:X,"",1)} -> 80420.886 | I73: 46113 | J73: =C73 -> Decorative Papers
A74: =IF(B74<>"","Curitiba","") -> Curitiba | B74: =_xlfn.XLOOKUP(D74,Reunido!B:B,Reunido!A:A,"",0) -> TECH01 / Felix Schoeller GmbH & Co. / DEU | C74: =IF(D74<>0,IF(_xlfn.XLOOKUP(D74,Reunido!B:B,Reunido!BQ:BQ,"",0)="Print",$O$2,IF(_xlfn.XLOOKUP(D74,Reunido!B:B,Reunido!BQ:BQ,"",0)="IP",$O$3,IF(_xlfn.XLOOKUP(D74,Reunido!B:B,Reunido!BQ:BQ,"",0)="FF",$O$4,""))),"") -> Decorative Papers | D74: 7000444 | E74: PBM 02 0399 068 TECH | F74: 1870 | G74: {=_xlfn.XLOOKUP(D74&F74,Reunido!B:B&Reunido!D:D,Reunido!T:T,"",1)} -> 33874 | H74: {=_xlfn.XLOOKUP(D74&F74,Reunido!B:B&Reunido!D:D,Reunido!X:X,"",1)} -> 95542.688 | I74: 46113 | J74: =C74 -> Decorative Papers
A75: =IF(B75<>"","Curitiba","") -> Curitiba | B75: =_xlfn.XLOOKUP(D75,Reunido!B:B,Reunido!A:A,"",0) -> TECH01 / Felix Schoeller GmbH & Co. / DEU | C75: =IF(D75<>0,IF(_xlfn.XLOOKUP(D75,Reunido!B:B,Reunido!BQ:BQ,"",0)="Print",$O$2,IF(_xlfn.XLOOKUP(D75,Reunido!B:B,Reunido!BQ:BQ,"",0)="IP",$O$3,IF(_xlfn.XLOOKUP(D75,Reunido!B:B,Reunido!BQ:BQ,"",0)="FF",$O$4,""))),"") -> Impregnated Papers | D75: 7002365 | E75: DPU 07 0080 080 TECH (8222) | F75: 1840 | G75: {=_xlfn.XLOOKUP(D75&F75,Reunido!B:B&Reunido!D:D,Reunido!T:T,"",1)} -> 3037 | H75: {=_xlfn.XLOOKUP(D75&F75,Reunido!B:B&Reunido!D:D,Reunido!X:X,"",1)} -> 8498.0064 | I75: 46113 | J75: =C75 -> Impregnated Papers
A76: =IF(B76<>"","Curitiba","") -> Curitiba | B76: =_xlfn.XLOOKUP(D76,Reunido!B:B,Reunido!A:A,"",0) -> HUAW01 / HANGZHOU HUAWANG NEW MATERIAL TECHNOLOGY CO. | C76: =IF(D76<>0,IF(_xlfn.XLOOKUP(D76,Reunido!B:B,Reunido!BQ:BQ,"",0)="Print",$O$2,IF(_xlfn.XLOOKUP(D76,Reunido!B:B,Reunido!BQ:BQ,"",0)="IP",$O$3,IF(_xlfn.XLOOKUP(D76,Reunido!B:B,Reunido!BQ:BQ,"",0)="FF",$O$4,""))),"") -> Decorative Papers | D76: 2010899 | E76: PBM 05 0483 068 HUAW (5083) | F76: 1870 | G76: {=_xlfn.XLOOKUP(D76&F76,Reunido!B:B&Reunido!D:D,Reunido!Y:Y,"",1)} -> 49815 | H76: {=_xlfn.XLOOKUP(D76&F76,Reunido!B:B&Reunido!D:D,Reunido!AC:AC,"",1)} -> 97599.674 | I76: 46143 | J76: =C76 -> Decorative Papers
A77: =IF(B77<>"","Curitiba","") -> Curitiba | B77: =_xlfn.XLOOKUP(D77,Reunido!B:B,Reunido!A:A,"",0) -> KOEH02 / KOEHLER PAPER SE / DEU | C77: =IF(D77<>0,IF(_xlfn.XLOOKUP(D77,Reunido!B:B,Reunido!BQ:BQ,"",0)="Print",$O$2,IF(_xlfn.XLOOKUP(D77,Reunido!B:B,Reunido!BQ:BQ,"",0)="IP",$O$3,IF(_xlfn.XLOOKUP(D77,Reunido!B:B,Reunido!BQ:BQ,"",0)="FF",$O$4,""))),"") -> Decorative Papers | D77: 2032265 | E77: PBM 02 8269 068 KOEH | F77: 1870 | G77: {=_xlfn.XLOOKUP(D77&F77,Reunido!B:B&Reunido!D:D,Reunido!Y:Y,"",1)} -> 50006 | H77: {=_xlfn.XLOOKUP(D77&F77,Reunido!B:B&Reunido!D:D,Reunido!AC:AC,"",1)} -> 102527.45 | I77: 46143 | J77: =C77 -> Decorative Papers
A78: =IF(B78<>"","Curitiba","") -> Curitiba | B78: =_xlfn.XLOOKUP(D78,Reunido!B:B,Reunido!A:A,"",0) -> KOEH02 / KOEHLER PAPER SE / DEU | C78: =IF(D78<>0,IF(_xlfn.XLOOKUP(D78,Reunido!B:B,Reunido!BQ:BQ,"",0)="Print",$O$2,IF(_xlfn.XLOOKUP(D78,Reunido!B:B,Reunido!BQ:BQ,"",0)="IP",$O$3,IF(_xlfn.XLOOKUP(D78,Reunido!B:B,Reunido!BQ:BQ,"",0)="FF",$O$4,""))),"") -> Decorative Papers | D78: 7000451 | E78: PBM 02 8292 070 KOEH LOP | F78: 1870 | G78: {=_xlfn.XLOOKUP(D78&F78,Reunido!B:B&Reunido!D:D,Reunido!Y:Y,"",1)} -> 24590 | H78: {=_xlfn.XLOOKUP(D78&F78,Reunido!B:B&Reunido!D:D,Reunido!AC:AC,"",1)} -> 42585.19 | I78: 46143 | J78: =C78 -> Decorative Papers
A79: =IF(B79<>"","Curitiba","") -> Curitiba | B79: =_xlfn.XLOOKUP(D79,Reunido!B:B,Reunido!A:A,"",0) -> MLTV01 / VF PAPEIS S.A. / BRA | C79: =IF(D79<>0,IF(_xlfn.XLOOKUP(D79,Reunido!B:B,Reunido!BQ:BQ,"",0)="Print",$O$2,IF(_xlfn.XLOOKUP(D79,Reunido!B:B,Reunido!BQ:BQ,"",0)="IP",$O$3,IF(_xlfn.XLOOKUP(D79,Reunido!B:B,Reunido!BQ:BQ,"",0)="FF",$O$4,""))),"") -> Finish Foils | D79: 7000471 | E79: PIP 01 9372 040 VERD | F79: 1900 | G79: {=_xlfn.XLOOKUP(D79&F79,Reunido!B:B&Reunido!D:D,Reunido!Y:Y,"",1)} -> 15407 | H79: {=_xlfn.XLOOKUP(D79&F79,Reunido!B:B&Reunido!D:D,Reunido!AC:AC,"",1)} -> 49353.589 | I79: 46143 | J79: =C79 -> Finish Foils
A80: =IF(B80<>"","Curitiba","") -> Curitiba | B80: =_xlfn.XLOOKUP(D80,Reunido!B:B,Reunido!A:A,"",0) -> MUNK01 / MUNKSJO UNTERKOCHEN GMBH / DEU | C80: =IF(D80<>0,IF(_xlfn.XLOOKUP(D80,Reunido!B:B,Reunido!BQ:BQ,"",0)="Print",$O$2,IF(_xlfn.XLOOKUP(D80,Reunido!B:B,Reunido!BQ:BQ,"",0)="IP",$O$3,IF(_xlfn.XLOOKUP(D80,Reunido!B:B,Reunido!BQ:BQ,"",0)="FF",$O$4,""))),"") -> Decorative Papers | D80: 7002370 | E80: PBM 02 0301 065 MUNK | F80: 1870 | G80: {=_xlfn.XLOOKUP(D80&F80,Reunido!B:B&Reunido!D:D,Reunido!Y:Y,"",1)} -> 25408 | H80: {=_xlfn.XLOOKUP(D80&F80,Reunido!B:B&Reunido!D:D,Reunido!AC:AC,"",1)} -> 56819.637 | I80: 46143 | J80: =C80 -> Decorative Papers
A81: =IF(B81<>"","Curitiba","") -> Curitiba | B81: =_xlfn.XLOOKUP(D81,Reunido!B:B,Reunido!A:A,"",0) -> MUNK01 / MUNKSJO UNTERKOCHEN GMBH / DEU | C81: =IF(D81<>0,IF(_xlfn.XLOOKUP(D81,Reunido!B:B,Reunido!BQ:BQ,"",0)="Print",$O$2,IF(_xlfn.XLOOKUP(D81,Reunido!B:B,Reunido!BQ:BQ,"",0)="IP",$O$3,IF(_xlfn.XLOOKUP(D81,Reunido!B:B,Reunido!BQ:BQ,"",0)="FF",$O$4,""))),"") -> Decorative Papers | D81: 7002370 | E81: PBM 02 0301 065 MUNK | F81: 2175 | G81: {=_xlfn.XLOOKUP(D81&F81,Reunido!B:B&Reunido!D:D,Reunido!Y:Y,"",1)} -> 10854 | H81: {=_xlfn.XLOOKUP(D81&F81,Reunido!B:B&Reunido!D:D,Reunido!AC:AC,"",1)} -> 24272.683 | I81: 46143 | J81: =C81 -> Decorative Papers
A82: =IF(B82<>"","Curitiba","") -> Curitiba | B82: =_xlfn.XLOOKUP(D82,Reunido!B:B,Reunido!A:A,"",0) -> MUNK04 / MUNKSJO PAPER S/A DETTINGEN / DEU | C82: =IF(D82<>0,IF(_xlfn.XLOOKUP(D82,Reunido!B:B,Reunido!BQ:BQ,"",0)="Print",$O$2,IF(_xlfn.XLOOKUP(D82,Reunido!B:B,Reunido!BQ:BQ,"",0)="IP",$O$3,IF(_xlfn.XLOOKUP(D82,Reunido!B:B,Reunido!BQ:BQ,"",0)="FF",$O$4,""))),"") -> Finish Foils | D82: 7000469 | E82: PIP 01 9370 070 MUNK PO NEW WHITE | F82: 1880 | G82: {=_xlfn.XLOOKUP(D82&F82,Reunido!B:B&Reunido!D:D,Reunido!Y:Y,"",1)} -> 48397 | H82: {=_xlfn.XLOOKUP(D82&F82,Reunido!B:B&Reunido!D:D,Reunido!AC:AC,"",1)} -> 125304.01 | I82: 46143 | J82: =C82 -> Finish Foils
A83: =IF(B83<>"","Curitiba","") -> Curitiba | B83: =_xlfn.XLOOKUP(D83,Reunido!B:B,Reunido!A:A,"",0) -> MUNK09 / MUNKSJO CAIEIRAS LTDA / BRA | C83: =IF(D83<>0,IF(_xlfn.XLOOKUP(D83,Reunido!B:B,Reunido!BQ:BQ,"",0)="Print",$O$2,IF(_xlfn.XLOOKUP(D83,Reunido!B:B,Reunido!BQ:BQ,"",0)="IP",$O$3,IF(_xlfn.XLOOKUP(D83,Reunido!B:B,Reunido!BQ:BQ,"",0)="FF",$O$4,""))),"") -> Decorative Papers | D83: 7000403 | E83: DPU 01 0104 070 MUNK (990) | F83: 2175 | G83: {=_xlfn.XLOOKUP(D83&F83,Reunido!B:B&Reunido!D:D,Reunido!Y:Y,"",1)} -> 21078 | H83: {=_xlfn.XLOOKUP(D83&F83,Reunido!B:B&Reunido!D:D,Reunido!AC:AC,"",1)} -> 66741.864 | I83: 46143 | J83: =C83 -> Decorative Papers
A84: =IF(B84<>"","Curitiba","") -> Curitiba | B84: =_xlfn.XLOOKUP(D84,Reunido!B:B,Reunido!A:A,"",0) -> MUNK09 / MUNKSJO CAIEIRAS LTDA / BRA | C84: =IF(D84<>0,IF(_xlfn.XLOOKUP(D84,Reunido!B:B,Reunido!BQ:BQ,"",0)="Print",$O$2,IF(_xlfn.XLOOKUP(D84,Reunido!B:B,Reunido!BQ:BQ,"",0)="IP",$O$3,IF(_xlfn.XLOOKUP(D84,Reunido!B:B,Reunido!BQ:BQ,"",0)="FF",$O$4,""))),"") -> Impregnated Papers | D84: 7000485 | E84: DPU 02 9080 080 MUNK | F84: 1855 | G84: {=_xlfn.XLOOKUP(D84&F84,Reunido!B:B&Reunido!D:D,Reunido!Y:Y,"",1)} -> 5374 | H84: {=_xlfn.XLOOKUP(D84&F84,Reunido!B:B&Reunido!D:D,Reunido!AC:AC,"",1)} -> 22390.813 | I84: 46143 | J84: =C84 -> Impregnated Papers
A85: =IF(B85<>"","Curitiba","") -> Curitiba | B85: =_xlfn.XLOOKUP(D85,Reunido!B:B,Reunido!A:A,"",0) -> MUNK09 / MUNKSJO CAIEIRAS LTDA / BRA | C85: =IF(D85<>0,IF(_xlfn.XLOOKUP(D85,Reunido!B:B,Reunido!BQ:BQ,"",0)="Print",$O$2,IF(_xlfn.XLOOKUP(D85,Reunido!B:B,Reunido!BQ:BQ,"",0)="IP",$O$3,IF(_xlfn.XLOOKUP(D85,Reunido!B:B,Reunido!BQ:BQ,"",0)="FF",$O$4,""))),"") -> Impregnated Papers | D85: 7000486 | E85: DPU 08 0497 080 MUNK | F85: 1855 | G85: {=_xlfn.XLOOKUP(D85&F85,Reunido!B:B&Reunido!D:D,Reunido!Y:Y,"",1)} -> 11561 | H85: {=_xlfn.XLOOKUP(D85&F85,Reunido!B:B&Reunido!D:D,Reunido!AC:AC,"",1)} -> 63098.575 | I85: 46143 | J85: =C85 -> Impregnated Papers
A86: =IF(B86<>"","Curitiba","") -> Curitiba | B86: =_xlfn.XLOOKUP(D86,Reunido!B:B,Reunido!A:A,"",0) -> MUNK09 / MUNKSJO CAIEIRAS LTDA / BRA | C86: =IF(D86<>0,IF(_xlfn.XLOOKUP(D86,Reunido!B:B,Reunido!BQ:BQ,"",0)="Print",$O$2,IF(_xlfn.XLOOKUP(D86,Reunido!B:B,Reunido!BQ:BQ,"",0)="IP",$O$3,IF(_xlfn.XLOOKUP(D86,Reunido!B:B,Reunido!BQ:BQ,"",0)="FF",$O$4,""))),"") -> Decorative Papers | D86: 7000403 | E86: DPU 01 0104 070 MUNK (990) | F86: 1270 | G86: {=_xlfn.XLOOKUP(D86&F86,Reunido!B:B&Reunido!D:D,Reunido!Y:Y,"",1)} -> 18333 | H86: {=_xlfn.XLOOKUP(D86&F86,Reunido!B:B&Reunido!D:D,Reunido!AC:AC,"",1)} -> 58050.034 | I86: 46143 | J86: =C86 -> Decorative Papers
A87: =IF(B87<>"","Curitiba","") -> Curitiba | B87: =_xlfn.XLOOKUP(D87,Reunido!B:B,Reunido!A:A,"",0) -> MUNK09 / MUNKSJO CAIEIRAS LTDA / BRA | C87: =IF(D87<>0,IF(_xlfn.XLOOKUP(D87,Reunido!B:B,Reunido!BQ:BQ,"",0)="Print",$O$2,IF(_xlfn.XLOOKUP(D87,Reunido!B:B,Reunido!BQ:BQ,"",0)="IP",$O$3,IF(_xlfn.XLOOKUP(D87,Reunido!B:B,Reunido!BQ:BQ,"",0)="FF",$O$4,""))),"") -> Impregnated Papers | D87: 7000491 | E87: MIS 02 Backing 060 MUNK | F87: 2080 | G87: {=_xlfn.XLOOKUP(D87&F87,Reunido!B:B&Reunido!D:D,Reunido!Y:Y,"",1)} -> 20123 | H87: {=_xlfn.XLOOKUP(D87&F87,Reunido!B:B&Reunido!D:D,Reunido!AC:AC,"",1)} -> 48938.021 | I87: 46143 | J87: =C87 -> Impregnated Papers
... A91: =IF(B91<>"","Curitiba","") -> Curitiba | B91: =_xlfn.XLOOKUP(D91,Reunido!B:B,Reunido!A:A,"",0) -> TECH01 / Felix Schoeller GmbH & Co. / DEU | C91: =IF(D91<>0,IF(_xlfn.XLOOKUP(D91,Reunido!B:B,Reunido!BQ:BQ,"",0)="Print",$O$2,IF(_xlfn.XLOOKUP(D91,Reunido!B:B,Reunido!BQ:BQ,"",0)="IP",$O$3,IF(_xlfn.XLOOKUP(D91,Reunido!B:B,Reunido!BQ:BQ,"",0)="FF",$O$4,""))),"") -> Decorative Papers | D91: 7000444 | E91: PBM 02 0399 068 TECH | F91: 1870 | G91: {=_xlfn.XLOOKUP(D91&F91,Reunido!B:B&Reunido!D:D,Reunido!Y:Y,"",1)} -> 45359 | H91: {=_xlfn.XLOOKUP(D91&F91,Reunido!B:B&Reunido!D:D,Reunido!AC:AC,"",1)} -> 128813.37 | I91: 46143 | J91: =C91 -> Decorative Papers
A92: =IF(B92<>"","Curitiba","") -> Curitiba | B92: =_xlfn.XLOOKUP(D92,Reunido!B:B,Reunido!A:A,"",0) -> HUAW01 / HANGZHOU HUAWANG NEW MATERIAL TECHNOLOGY CO. | C92: =IF(D92<>0,IF(_xlfn.XLOOKUP(D92,Reunido!B:B,Reunido!BQ:BQ,"",0)="Print",$O$2,IF(_xlfn.XLOOKUP(D92,Reunido!B:B,Reunido!BQ:BQ,"",0)="IP",$O$3,IF(_xlfn.XLOOKUP(D92,Reunido!B:B,Reunido!BQ:BQ,"",0)="FF",$O$4,""))),"") -> Decorative Papers | D92: 2010899 | E92: PBM 05 0483 068 HUAW (5083) | F92: 1870 | G92: {=_xlfn.XLOOKUP(D92&F92,Reunido!B:B&Reunido!D:D,Reunido!AD:AD,"",1)} -> 49515 | H92: {=_xlfn.XLOOKUP(D92&F92,Reunido!B:B&Reunido!D:D,Reunido!AH:AH,"",1)} -> 96538.123 | I92: 46174 | J92: =C92 -> Decorative Papers
A93: =IF(B93<>"","Curitiba","") -> Curitiba | B93: =_xlfn.XLOOKUP(D93,Reunido!B:B,Reunido!A:A,"",0) -> HUAW01 / HANGZHOU HUAWANG NEW MATERIAL TECHNOLOGY CO. | C93: =IF(D93<>0,IF(_xlfn.XLOOKUP(D93,Reunido!B:B,Reunido!BQ:BQ,"",0)="Print",$O$2,IF(_xlfn.XLOOKUP(D93,Reunido!B:B,Reunido!BQ:BQ,"",0)="IP",$O$3,IF(_xlfn.XLOOKUP(D93,Reunido!B:B,Reunido!BQ:BQ,"",0)="FF",$O$4,""))),"") -> Decorative Papers | D93: 2090448 | E93: PBM 05 689 068 HUAW (5089) | F93: 1870 | G93: {=_xlfn.XLOOKUP(D93&F93,Reunido!B:B&Reunido!D:D,Reunido!AD:AD,"",1)} -> 49727 | H93: {=_xlfn.XLOOKUP(D93&F93,Reunido!B:B&Reunido!D:D,Reunido!AH:AH,"",1)} -> 96587.944 | I93: 46174 | J93: =C93 -> Decorative Papers
A94: =IF(B94<>"","Curitiba","") -> Curitiba | B94: =_xlfn.XLOOKUP(D94,Reunido!B:B,Reunido!A:A,"",0) -> KING01 / KINGDECOR (ZHEJIANG) CO., LTD | C94: =IF(D94<>0,IF(_xlfn.XLOOKUP(D94,Reunido!B:B,Reunido!BQ:BQ,"",0)="Print",$O$2,IF(_xlfn.XLOOKUP(D94,Reunido!B:B,Reunido!BQ:BQ,"",0)="IP",$O$3,IF(_xlfn.XLOOKUP(D94,Reunido!B:B,Reunido!BQ:BQ,"",0)="FF",$O$4,""))),"") -> Finish Foils | D94: 7002362 | E94: PIP 01 9370 070 KING PO NEW WHITE | F94: 1880 | G94: {=_xlfn.XLOOKUP(D94&F94,Reunido!B:B&Reunido!D:D,Reunido!AD:AD,"",1)} -> 50485 | H94: {=_xlfn.XLOOKUP(D94&F94,Reunido!B:B&Reunido!D:D,Reunido!AH:AH,"",1)} -> 145050.67 | I94: 46174 | J94: =C94 -> Finish Foils
A95: =IF(B95<>"","Curitiba","") -> Curitiba | B95: =_xlfn.XLOOKUP(D95,Reunido!B:B,Reunido!A:A,"",0) -> KOEH02 / KOEHLER PAPER SE / DEU | C95: =IF(D95<>0,IF(_xlfn.XLOOKUP(D95,Reunido!B:B,Reunido!BQ:BQ,"",0)="Print",$O$2,IF(_xlfn.XLOOKUP(D95,Reunido!B:B,Reunido!BQ:BQ,"",0)="IP",$O$3,IF(_xlfn.XLOOKUP(D95,Reunido!B:B,Reunido!BQ:BQ,"",0)="FF",$O$4,""))),"") -> Decorative Papers | D95: 2032265 | E95: PBM 02 8269 068 KOEH | F95: 1870 | G95: {=_xlfn.XLOOKUP(D95&F95,Reunido!B:B&Reunido!D:D,Reunido!AD:AD,"",1)} -> 49574 | H95: {=_xlfn.XLOOKUP(D95&F95,Reunido!B:B&Reunido!D:D,Reunido!AH:AH,"",1)} -> 101610.5 | I95: 46174 | J95: =C95 -> Decorative Papers
A96: =IF(B96<>"","Curitiba","") -> Curitiba | B96: =_xlfn.XLOOKUP(D96,Reunido!B:B,Reunido!A:A,"",0) -> KOEH02 / KOEHLER PAPER SE / DEU | C96: =IF(D96<>0,IF(_xlfn.XLOOKUP(D96,Reunido!B:B,Reunido!BQ:BQ,"",0)="Print",$O$2,IF(_xlfn.XLOOKUP(D96,Reunido!B:B,Reunido!BQ:BQ,"",0)="IP",$O$3,IF(_xlfn.XLOOKUP(D96,Reunido!B:B,Reunido!BQ:BQ,"",0)="FF",$O$4,""))),"") -> Decorative Papers | D96: 7000451 | E96: PBM 02 8292 070 KOEH LOP | F96: 2175 | G96: {=_xlfn.XLOOKUP(D96&F96,Reunido!B:B&Reunido!D:D,Reunido!AD:AD,"",1)} -> 10143 | H96: {=_xlfn.XLOOKUP(D96&F96,Reunido!B:B&Reunido!D:D,Reunido!AH:AH,"",1)} -> 18807.853 | I96: 46174 | J96: =C96 -> Decorative Papers
A97: =IF(B97<>"","Curitiba","") -> Curitiba | B97: =_xlfn.XLOOKUP(D97,Reunido!B:B,Reunido!A:A,"",0) -> KOEH02 / KOEHLER PAPER SE / DEU | C97: =IF(D97<>0,IF(_xlfn.XLOOKUP(D97,Reunido!B:B,Reunido!BQ:BQ,"",0)="Print",$O$2,IF(_xlfn.XLOOKUP(D97,Reunido!B:B,Reunido!BQ:BQ,"",0)="IP",$O$3,IF(_xlfn.XLOOKUP(D97,Reunido!B:B,Reunido!BQ:BQ,"",0)="FF",$O$4,""))),"") -> Decorative Papers | D97: 7000463 | E97: PBM 01 8291 072 KOEH LOP | F97: 1870 | G97: {=_xlfn.XLOOKUP(D97&F97,Reunido!B:B&Reunido!D:D,Reunido!AD:AD,"",1)} -> 24967 | H97: {=_xlfn.XLOOKUP(D97&F97,Reunido!B:B&Reunido!D:D,Reunido!AH:AH,"",1)} -> 49493.462 | I97: 46174 | J97: =C97 -> Decorative Papers
A98: =IF(B98<>"","Curitiba","") -> Curitiba | B98: =_xlfn.XLOOKUP(D98,Reunido!B:B,Reunido!A:A,"",0) -> MALT01 / MALTA-DECOR SP. Z O. O. / POL | C98: =IF(D98<>0,IF(_xlfn.XLOOKUP(D98,Reunido!B:B,Reunido!BQ:BQ,"",0)="Print",$O$2,IF(_xlfn.XLOOKUP(D98,Reunido!B:B,Reunido!BQ:BQ,"",0)="IP",$O$3,IF(_xlfn.XLOOKUP(D98,Reunido!B:B,Reunido!BQ:BQ,"",0)="FF",$O$4,""))),"") -> Decorative Papers | D98: 7004817 | E98: PBM 02 0204 050 MALT | F98: 1870 | G98: {=_xlfn.XLOOKUP(D98&F98,Reunido!B:B&Reunido!D:D,Reunido!AD:AD,"",1)} -> 1034 | H98: {=_xlfn.XLOOKUP(D98&F98,Reunido!B:B&Reunido!D:D,Reunido!AH:AH,"",1)} -> 2249.676 | I98: 46174 | J98: =C98 -> Decorative Papers
A99: =IF(B99<>"","Curitiba","") -> Curitiba | B99: =_xlfn.XLOOKUP(D99,Reunido!B:B,Reunido!A:A,"",0) -> MLTV01 / VF PAPEIS S.A. / BRA | C99: =IF(D99<>0,IF(_xlfn.XLOOKUP(D99,Reunido!B:B,Reunido!BQ:BQ,"",0)="Print",$O$2,IF(_xlfn.XLOOKUP(D99,Reunido!B:B,Reunido!BQ:BQ,"",0)="IP",$O$3,IF(_xlfn.XLOOKUP(D99,Reunido!B:B,Reunido!BQ:BQ,"",0)="FF",$O$4,""))),"") -> Finish Foils | D99: 7000471 | E99: PIP 01 9372 040 VERD | F99: 1900 | G99: {=_xlfn.XLOOKUP(D99&F99,Reunido!B:B&Reunido!D:D,Reunido!AD:AD,"",1)} -> 12201 | H99: {=_xlfn.XLOOKUP(D99&F99,Reunido!B:B&Reunido!D:D,Reunido!AH:AH,"",1)} -> 38538.693 | I99: 46174 | J99: =C99 -> Finish Foils
A100: =IF(B100<>"","Curitiba","") -> Curitiba | B100: =_xlfn.XLOOKUP(D100,Reunido!B:B,Reunido!A:A,"",0) -> MLTV01 / VF PAPEIS S.A. / BRA | C100: =IF(D100<>0,IF(_xlfn.XLOOKUP(D100,Reunido!B:B,Reunido!BQ:BQ,"",0)="Print",$O$2,IF(_xlfn.XLOOKUP(D100,Reunido!B:B,Reunido!BQ:BQ,"",0)="IP",$O$3,IF(_xlfn.XLOOKUP(D100,Reunido!B:B,Reunido!BQ:BQ,"",0)="FF",$O$4,""))),"") -> Finish Foils | D100: 7000476 | E100: PIP 07 9377 040 VERD | F100: 1900 | G100: {=_xlfn.XLOOKUP(D100&F100,Reunido!B:B&Reunido!D:D,Reunido!AD:AD,"",1)} -> 12000 | H100: {=_xlfn.XLOOKUP(D100&F100,Reunido!B:B&Reunido!D:D,Reunido!AH:AH,"",1)} -> 44896.259 | I100: 46174 | J100: =C100 -> Finish Foils
A101: =IF(B101<>"","Curitiba","") -> Curitiba | B101: =_xlfn.XLOOKUP(D101,Reunido!B:B,Reunido!A:A,"",0) -> MUNK04 / MUNKSJO PAPER S/A DETTINGEN / DEU | C101: =IF(D101<>0,IF(_xlfn.XLOOKUP(D101,Reunido!B:B,Reunido!BQ:BQ,"",0)="Print",$O$2,IF(_xlfn.XLOOKUP(D101,Reunido!B:B,Reunido!BQ:BQ,"",0)="IP",$O$3,IF(_xlfn.XLOOKUP(D101,Reunido!B:B,Reunido!BQ:BQ,"",0)="FF",$O$4,""))),"") -> Finish Foils | D101: 7000469 | E101: PIP 01 9370 070 MUNK PO NEW WHITE | F101: 1880 | G101: {=_xlfn.XLOOKUP(D101&F101,Reunido!B:B&Reunido!D:D,Reunido!AD:AD,"",1)} -> 24241 | H101: {=_xlfn.XLOOKUP(D101&F101,Reunido!B:B&Reunido!D:D,Reunido!AH:AH,"",1)} -> 63681.746 | I101: 46174 | J101: =C101 -> Finish Foils
A102: =IF(B102<>"","Curitiba","") -> Curitiba | B102: =_xlfn.XLOOKUP(D102,Reunido!B:B,Reunido!A:A,"",0) -> MUNK04 / MUNKSJO PAPER S/A DETTINGEN / DEU | C102: =IF(D102<>0,IF(_xlfn.XLOOKUP(D102,Reunido!B:B,Reunido!BQ:BQ,"",0)="Print",$O$2,IF(_xlfn.XLOOKUP(D102,Reunido!B:B,Reunido!BQ:BQ,"",0)="IP",$O$3,IF(_xlfn.XLOOKUP(D102,Reunido!B:B,Reunido!BQ:BQ,"",0)="FF",$O$4,""))),"") -> Impregnated Papers | D102: 7002366 | E102: DPU 07 0080 080 MUNK | F102: 1860 | G102: {=_xlfn.XLOOKUP(D102&F102,Reunido!B:B&Reunido!D:D,Reunido!AD:AD,"",1)} -> 818 | H102: {=_xlfn.XLOOKUP(D102&F102,Reunido!B:B&Reunido!D:D,Reunido!AH:AH,"",1)} -> 2269.168 | I102: 46174 | J102: =C102 -> Impregnated Papers
A103: =IF(B103<>"","Curitiba","") -> Curitiba | B103: =_xlfn.XLOOKUP(D103,Reunido!B:B,Reunido!A:A,"",0) -> MUNK07 / MUNKSJO TOLOSA S.A.U. / ESP | C103: =IF(D103<>0,IF(_xlfn.XLOOKUP(D103,Reunido!B:B,Reunido!BQ:BQ,"",0)="Print",$O$2,IF(_xlfn.XLOOKUP(D103,Reunido!B:B,Reunido!BQ:BQ,"",0)="IP",$O$3,IF(_xlfn.XLOOKUP(D103,Reunido!B:B,Reunido!BQ:BQ,"",0)="FF",$O$4,""))),"") -> Decorative Papers | D103: 7000452 | E103: PBM 02 1410 068 MUNK | F103: 1860 | G103: {=_xlfn.XLOOKUP(D103&F103,Reunido!B:B&Reunido!D:D,Reunido!AD:AD,"",1)} -> 73837 | H103: {=_xlfn.XLOOKUP(D103&F103,Reunido!B:B&Reunido!D:D,Reunido!AH:AH,"",1)} -> 133237.06 | I103: 46174 | J103: =C103 -> Decorative Papers
... A116: =IF(B116<>"","Curitiba","") -> Curitiba | B116: =_xlfn.XLOOKUP(D116,Reunido!B:B,Reunido!A:A,"",0) -> ULTR02 / ULTRA DECOR RUS, LLC | C116: =IF(D116<>0,IF(_xlfn.XLOOKUP(D116,Reunido!B:B,Reunido!BQ:BQ,"",0)="Print",$O$2,IF(_xlfn.XLOOKUP(D116,Reunido!B:B,Reunido!BQ:BQ,"",0)="IP",$O$3,IF(_xlfn.XLOOKUP(D116,Reunido!B:B,Reunido!BQ:BQ,"",0)="FF",$O$4,""))),"") -> Decorative Papers | D116: 7004937 | E116: PBM 01 0127 070 ULTRA | F116: 1830 | G116: {=_xlfn.XLOOKUP(D116&F116,Reunido!B:B&Reunido!D:D,Reunido!AD:AD,"",1)} -> 2735 | H116: {=_xlfn.XLOOKUP(D116&F116,Reunido!B:B&Reunido!D:D,Reunido!AH:AH,"",1)} -> 6274.497 | I116: 46174 | J116: =C116 -> Decorative Papers
A117: =IF(B117<>"","Curitiba","")
A118: =IF(B118<>"","Curitiba","")
A119: =IF(B119<>"","Curitiba","")
A120: =IF(B120<>"","Curitiba","")
A121: =IF(B121<>"","Curitiba","")
A122: =IF(B122<>"","Curitiba","")
A123: =IF(B123<>"","Curitiba","")
A124: =IF(B124<>"","Curitiba","")
A125: =IF(B125<>"","Curitiba","")
A126: =IF(B126<>"","Curitiba","")
A127: =IF(B127<>"","Curitiba","")
A128: =IF(B128<>"","Curitiba","")
... A255: =IF(B255<>"","Curitiba","")
A256: =IF(B256<>"","Curitiba","") -> Curitiba | B256: =_xlfn.XLOOKUP(D256,Reunido!B:B,Reunido!A:A,"",0) -> HUAW01 / HANGZHOU HUAWANG NEW MATERIAL TECHNOLOGY CO. | C256: =IF(D256<>0,IF(_xlfn.XLOOKUP(D256,Reunido!B:B,Reunido!BQ:BQ,"",0)="Print",$O$2,IF(_xlfn.XLOOKUP(D256,Reunido!B:B,Reunido!BQ:BQ,"",0)="IP",$O$3,IF(_xlfn.XLOOKUP(D256,Reunido!B:B,Reunido!BQ:BQ,"",0)="FF",$O$4,""))),"") -> Decorative Papers | D256: 2010899 | E256: PBM 05 0483 068 HUAW (5083) | F256: 1870 | G256: {=_xlfn.XLOOKUP(D256&F256,Reunido!B:B&Reunido!D:D,Reunido!Y:Y,"",1)} -> 49815 | H256: {=_xlfn.XLOOKUP(D256&F256,Reunido!B:B&Reunido!D:D,Reunido!AC:AC,"",1)} -> 97599.674 | I256: 46143 | J256: =C256 -> Decorative Papers
A257: =IF(B257<>"","Curitiba","") -> Curitiba | B257: =_xlfn.XLOOKUP(D257,Reunido!B:B,Reunido!A:A,"",0) -> KOEH02 / KOEHLER PAPER SE / DEU | C257: =IF(D257<>0,IF(_xlfn.XLOOKUP(D257,Reunido!B:B,Reunido!BQ:BQ,"",0)="Print",$O$2,IF(_xlfn.XLOOKUP(D257,Reunido!B:B,Reunido!BQ:BQ,"",0)="IP",$O$3,IF(_xlfn.XLOOKUP(D257,Reunido!B:B,Reunido!BQ:BQ,"",0)="FF",$O$4,""))),"") -> Decorative Papers | D257: 2032265 | E257: PBM 02 8269 068 KOEH | F257: 1870 | G257: {=_xlfn.XLOOKUP(D257&F257,Reunido!B:B&Reunido!D:D,Reunido!Y:Y,"",1)} -> 50006 | H257: {=_xlfn.XLOOKUP(D257&F257,Reunido!B:B&Reunido!D:D,Reunido!AC:AC,"",1)} -> 102527.45 | I257: 46143 | J257: =C257 -> Decorative Papers
A258: =IF(B258<>"","Curitiba","") -> Curitiba | B258: =_xlfn.XLOOKUP(D258,Reunido!B:B,Reunido!A:A,"",0) -> KOEH02 / KOEHLER PAPER SE / DEU | C258: =IF(D258<>0,IF(_xlfn.XLOOKUP(D258,Reunido!B:B,Reunido!BQ:BQ,"",0)="Print",$O$2,IF(_xlfn.XLOOKUP(D258,Reunido!B:B,Reunido!BQ:BQ,"",0)="IP",$O$3,IF(_xlfn.XLOOKUP(D258,Reunido!B:B,Reunido!BQ:BQ,"",0)="FF",$O$4,""))),"") -> Decorative Papers | D258: 7000451 | E258: PBM 02 8292 070 KOEH LOP | F258: 1870 | G258: {=_xlfn.XLOOKUP(D258&F258,Reunido!B:B&Reunido!D:D,Reunido!Y:Y,"",1)} -> 24590 | H258: {=_xlfn.XLOOKUP(D258&F258,Reunido!B:B&Reunido!D:D,Reunido!AC:AC,"",1)} -> 42585.19 | I258: 46143 | J258: =C258 -> Decorative Papers
A259: =IF(B259<>"","Curitiba","") -> Curitiba | B259: =_xlfn.XLOOKUP(D259,Reunido!B:B,Reunido!A:A,"",0) -> MLTV01 / VF PAPEIS S.A. / BRA | C259: =IF(D259<>0,IF(_xlfn.XLOOKUP(D259,Reunido!B:B,Reunido!BQ:BQ,"",0)="Print",$O$2,IF(_xlfn.XLOOKUP(D259,Reunido!B:B,Reunido!BQ:BQ,"",0)="IP",$O$3,IF(_xlfn.XLOOKUP(D259,Reunido!B:B,Reunido!BQ:BQ,"",0)="FF",$O$4,""))),"") -> Finish Foils | D259: 7000471 | E259: PIP 01 9372 040 VERD | F259: 1900 | G259: {=_xlfn.XLOOKUP(D259&F259,Reunido!B:B&Reunido!D:D,Reunido!Y:Y,"",1)} -> 15407 | H259: {=_xlfn.XLOOKUP(D259&F259,Reunido!B:B&Reunido!D:D,Reunido!AC:AC,"",1)} -> 49353.589 | I259: 46143 | J259: =C259 -> Finish Foils
A260: =IF(B260<>"","Curitiba","") -> Curitiba | B260: =_xlfn.XLOOKUP(D260,Reunido!B:B,Reunido!A:A,"",0) -> MUNK04 / MUNKSJO PAPER S/A DETTINGEN / DEU | C260: =IF(D260<>0,IF(_xlfn.XLOOKUP(D260,Reunido!B:B,Reunido!BQ:BQ,"",0)="Print",$O$2,IF(_xlfn.XLOOKUP(D260,Reunido!B:B,Reunido!BQ:BQ,"",0)="IP",$O$3,IF(_xlfn.XLOOKUP(D260,Reunido!B:B,Reunido!BQ:BQ,"",0)="FF",$O$4,""))),"") -> Finish Foils | D260: 7000469 | E260: PIP 01 9370 070 MUNK PO NEW WHITE | F260: 1880 | G260: {=_xlfn.XLOOKUP(D260&F260,Reunido!B:B&Reunido!D:D,Reunido!Y:Y,"",1)} -> 48397 | H260: {=_xlfn.XLOOKUP(D260&F260,Reunido!B:B&Reunido!D:D,Reunido!AC:AC,"",1)} -> 125304.01 | I260: 46143 | J260: =C260 -> Finish Foils
A261: =IF(B261<>"","Curitiba","") -> Curitiba | B261: =_xlfn.XLOOKUP(D261,Reunido!B:B,Reunido!A:A,"",0) -> MUNK09 / MUNKSJO CAIEIRAS LTDA / BRA | C261: =IF(D261<>0,IF(_xlfn.XLOOKUP(D261,Reunido!B:B,Reunido!BQ:BQ,"",0)="Print",$O$2,IF(_xlfn.XLOOKUP(D261,Reunido!B:B,Reunido!BQ:BQ,"",0)="IP",$O$3,IF(_xlfn.XLOOKUP(D261,Reunido!B:B,Reunido!BQ:BQ,"",0)="FF",$O$4,""))),"") -> Decorative Papers | D261: 7000403 | E261: DPU 01 0104 070 MUNK (990) | F261: 2175 | G261: {=_xlfn.XLOOKUP(D261&F261,Reunido!B:B&Reunido!D:D,Reunido!Y:Y,"",1)} -> 21078 | H261: {=_xlfn.XLOOKUP(D261&F261,Reunido!B:B&Reunido!D:D,Reunido!AC:AC,"",1)} -> 66741.864 | I261: 46143 | J261: =C261 -> Decorative Papers
A262: =IF(B262<>"","Curitiba","") -> Curitiba | B262: =_xlfn.XLOOKUP(D262,Reunido!B:B,Reunido!A:A,"",0) -> MUNK09 / MUNKSJO CAIEIRAS LTDA / BRA | C262: =IF(D262<>0,IF(_xlfn.XLOOKUP(D262,Reunido!B:B,Reunido!BQ:BQ,"",0)="Print",$O$2,IF(_xlfn.XLOOKUP(D262,Reunido!B:B,Reunido!BQ:BQ,"",0)="IP",$O$3,IF(_xlfn.XLOOKUP(D262,Reunido!B:B,Reunido!BQ:BQ,"",0)="FF",$O$4,""))),"") -> Impregnated Papers | D262: 7000485 | E262: DPU 02 9080 080 MUNK | F262: 1855 | G262: {=_xlfn.XLOOKUP(D262&F262,Reunido!B:B&Reunido!D:D,Reunido!Y:Y,"",1)} -> 5374 | H262: {=_xlfn.XLOOKUP(D262&F262,Reunido!B:B&Reunido!D:D,Reunido!AC:AC,"",1)} -> 22390.813 | I262: 46143 | J262: =C262 -> Impregnated Papers
A263: =IF(B263<>"","Curitiba","") -> Curitiba | B263: =_xlfn.XLOOKUP(D263,Reunido!B:B,Reunido!A:A,"",0) -> MUNK09 / MUNKSJO CAIEIRAS LTDA / BRA | C263: =IF(D263<>0,IF(_xlfn.XLOOKUP(D263,Reunido!B:B,Reunido!BQ:BQ,"",0)="Print",$O$2,IF(_xlfn.XLOOKUP(D263,Reunido!B:B,Reunido!BQ:BQ,"",0)="IP",$O$3,IF(_xlfn.XLOOKUP(D263,Reunido!B:B,Reunido!BQ:BQ,"",0)="FF",$O$4,""))),"") -> Impregnated Papers | D263: 7000486 | E263: DPU 08 0497 080 MUNK | F263: 1855 | G263: {=_xlfn.XLOOKUP(D263&F263,Reunido!B:B&Reunido!D:D,Reunido!Y:Y,"",1)} -> 11561 | H263: {=_xlfn.XLOOKUP(D263&F263,Reunido!B:B&Reunido!D:D,Reunido!AC:AC,"",1)} -> 63098.575 | I263: 46143 | J263: =C263 -> Impregnated Papers
...

Sheet IMPRESS DISE
A5: IMPRESS DISEÑO IBÉRIA S.A. | C5: JANUARY | G5: 6.2763 | H5: FEBRUARY | L5: 6.1515 | M5: MARCH | Q5: 0 | R5: APRIL | V5: 0 | W5: MAY | AA5: 0 | AB5: JUNE | AF5: 0 | AG5: JULY | AK5: 0 | AL5: AUGUST | AP5: 0 | AQ5: SEPTEMBER | AU5: 0 | AV5: OCTOBER | AZ5: 0 | BA5: NOVEMBER | BE5: 0 | BF5: DECEMBER | BJ5: 0 | BK5: TOTAL
C7: Quantity | D7: Price | F7: Total | H7: Quantity | I7: Price | K7: Total | M7: Quantity | N7: Price | P7: Total | R7: Quantity | S7: Price | U7: Total | W7: Quantity | X7: Price | Z7: Total | AB7: Quantity | AC7: Price | AE7: Total | AG7: Quantity | AH7: Price | AJ7: Total | AL7: Quantity | AM7: Price | AO7: Total | AQ7: Quantity | AR7: Price | AT7: Total | AV7: Quantity | AW7: Price | AY7: Total | BA7: Quantity | BB7: Price | BD7: Total | BF7: Quantity | BG7: Price | BI7: Total
A8: Item | B8: Paper Type | C8: Kg | D8: R$/kg | E8: EUR/kg | F8: R$ | G8: EUR | H8: Kg | I8: R$/kg | J8: EUR/kg | K8: R$ | L8: EUR | M8: Kg | N8: R$/kg | O8: EUR/kg | P8: R$ | Q8: EUR | R8: Kg | S8: R$/kg | T8: EUR/kg | U8: R$ | V8: EUR | W8: Kg | X8: R$/kg | Y8: EUR/kg | Z8: R$ | AA8: EUR | AB8: Kg | AC8: R$/kg | AD8: EUR/kg | AE8: R$ | AF8: EUR | AG8: Kg | AH8: R$/kg | AI8: EUR/kg | AJ8: R$ | AK8: EUR | AL8: Kg | AM8: R$/kg | AN8: EUR/kg | AO8: R$ | AP8: EUR | AQ8: Kg | AR8: R$/kg | AS8: EUR/kg | AT8: R$ | AU8: EUR | AV8: Kg | AW8: R$/kg | AX8: EUR/kg | AY8: R$ | AZ8: EUR | BA8: Kg | BB8: R$/kg | BC8: EUR/kg | BD8: R$ | BE8: EUR | BF8: Kg | BG8: R$/kg | BH8: EUR/kg | BI8: R$ | BJ8: EUR | BL8: R$ | BM8: EUR
A9: 18.402 | B9: SUNSHINE 0104 ECO 70G/M2 1870MM (FSC MC) | C9: 50606 | D9: 14.463658 | E9: 2.3044945 | F9: 731947.88 | G9: 116621.25 | H9: 0 | I9: 0 | J9: 0 | K9: 0 | L9: 0 | M9: 0 | N9: 0 | O9: 0 | P9: 0 | Q9: 0 | R9: 0 | S9: 0 | T9: 0 | U9: 0 | V9: 0 | W9: 0 | X9: 0 | Y9: 0 | Z9: 0 | AA9: 0 | AB9: 0 | AC9: 0 | AD9: 0 | AE9: 0 | AF9: 0 | AG9: 0 | AH9: 0 | AI9: 0 | AJ9: 0 | AK9: 0 | AL9: 0 | AM9: 0 | AN9: 0 | AO9: 0 | AP9: 0 | AQ9: 0 | AR9: 0 | AS9: 0 | AT9: 0 | AU9: 0 | AV9: 0 | AW9: 0 | AX9: 0 | AY9: 0 | AZ9: 0 | BA9: 0 | BB9: 0 | BC9: 0 | BD9: 0 | BE9: 0 | BF9: 0 | BG9: 0 | BH9: 0 | BI9: 0 | BJ9: 0 | BL9: =SUM(F9,K9,P9,U9,Z9,AE9,AJ9,AO9,AT9,AY9,BD9,BI9) -> 731947.88 | BM9: =SUM(G9,L9,Q9,V9,AA9,AF9,AK9,AP9,AU9,AZ9,BE9,BJ9) -> 116621.25
A10: 18.403 | B10: SUNSHINE 0104 ECO 80G/M2 1860MM (FSC MC) | C10: 0 | D10: 0 | E10: 0 | F10: 0 | G10: 0 | H10: 48907 | I10: 13.877686 | J10: 2.2559924 | K10: 678715.99 | L10: 110333.82 | M10: 0 | N10: 0 | O10: 0 | P10: 0 | Q10: 0 | R10: 0 | S10: 0 | T10: 0 | U10: 0 | V10: 0 | W10: 0 | X10: 0 | Y10: 0 | Z10: 0 | AA10: 0 | AB10: 0 | AC10: 0 | AD10: 0 | AE10: 0 | AF10: 0 | AG10: 0 | AH10: 0 | AI10: 0 | AJ10: 0 | AK10: 0 | AL10: 0 | AM10: 0 | AN10: 0 | AO10: 0 | AP10: 0 | AQ10: 0 | AR10: 0 | AS10: 0 | AT10: 0 | AU10: 0 | AV10: 0 | AW10: 0 | AX10: 0 | AY10: 0 | AZ10: 0 | BA10: 0 | BB10: 0 | BC10: 0 | BD10: 0 | BE10: 0 | BF10: 0 | BG10: 0 | BH10: 0 | BI10: 0 | BJ10: 0 | BL10: =SUM(F10,K10,P10,U10,Z10,AE10,AJ10,AO10,AT10,AY10,BD10,BI10) -> 678715.99 | BM10: =SUM(G10,L10,Q10,V10,AA10,AF10,AK10,AP10,AU10,AZ10,BE10,BJ10) -> 110333.82
A11: 18.415 | B11: SUNSHINE 0104 ECO 80G/M2 1855MM (FSC MC) | C11: 0 | D11: 0 | E11: 0 | F11: 0 | G11: 0 | H11: 122693 | I11: 14.20852 | J11: 2.3097736 | K11: 1743285.9 | L11: 283393.06 | M11: 0 | N11: 0 | O11: 0 | P11: 0 | Q11: 0 | R11: 0 | S11: 0 | T11: 0 | U11: 0 | V11: 0 | W11: 0 | X11: 0 | Y11: 0 | Z11: 0 | AA11: 0 | AB11: 0 | AC11: 0 | AD11: 0 | AE11: 0 | AF11: 0 | AG11: 0 | AH11: 0 | AI11: 0 | AJ11: 0 | AK11: 0 | AL11: 0 | AM11: 0 | AN11: 0 | AO11: 0 | AP11: 0 | AQ11: 0 | AR11: 0 | AS11: 0 | AT11: 0 | AU11: 0 | AV11: 0 | AW11: 0 | AX11: 0 | AY11: 0 | AZ11: 0 | BA11: 0 | BB11: 0 | BC11: 0 | BD11: 0 | BE11: 0 | BF11: 0 | BG11: 0 | BH11: 0 | BI11: 0 | BJ11: 0 | BL11: =SUM(F11,K11,P11,U11,Z11,AE11,AJ11,AO11,AT11,AY11,BD11,BI11) -> 1743285.9 | BM11: =SUM(G11,L11,Q11,V11,AA11,AF11,AK11,AP11,AU11,AZ11,BE11,BJ11) -> 283393.06
A12: 18.856 | B12: HUAWON GRAY HG5089 (689) 68G/M2 1870MM (FSC MC) | C12: 25137 | D12: 13.70296 | E12: 2.1832925 | F12: 344451.31 | G12: 54881.423 | H12: 25228 | I12: 13.602142 | J12: 2.2111993 | K12: 343154.84 | L12: 55784.135 | M12: 0 | N12: 0 | O12: 0 | P12: 0 | Q12: 0 | R12: 0 | S12: 0 | T12: 0 | U12: 0 | V12: 0 | W12: 0 | X12: 0 | Y12: 0 | Z12: 0 | AA12: 0 | AB12: 0 | AC12: 0 | AD12: 0 | AE12: 0 | AF12: 0 | AG12: 0 | AH12: 0 | AI12: 0 | AJ12: 0 | AK12: 0 | AL12: 0 | AM12: 0 | AN12: 0 | AO12: 0 | AP12: 0 | AQ12: 0 | AR12: 0 | AS12: 0 | AT12: 0 | AU12: 0 | AV12: 0 | AW12: 0 | AX12: 0 | AY12: 0 | AZ12: 0 | BA12: 0 | BB12: 0 | BC12: 0 | BD12: 0 | BE12: 0 | BF12: 0 | BG12: 0 | BH12: 0 | BI12: 0 | BJ12: 0 | BL12: =SUM(F12,K12,P12,U12,Z12,AE12,AJ12,AO12,AT12,AY12,BD12,BI12) -> 687606.14 | BM12: =SUM(G12,L12,Q12,V12,AA12,AF12,AK12,AP12,AU12,AZ12,BE12,BJ12) -> 110665.56
A13: 50.041 | B13: TINTA ORGANIC YELLOW (AMARELO) 3130 | C13: 0 | D13: 0 | E13: 0 | F13: 0 | G13: 0 | H13: 6000 | I13: 47.124158 | J13: 7.6606246 | K13: 282744.95 | L13: 45963.747 | M13: 0 | N13: 0 | O13: 0 | P13: 0 | Q13: 0 | R13: 0 | S13: 0 | T13: 0 | U13: 0 | V13: 0 | W13: 0 | X13: 0 | Y13: 0 | Z13: 0 | AA13: 0 | AB13: 0 | AC13: 0 | AD13: 0 | AE13: 0 | AF13: 0 | AG13: 0 | AH13: 0 | AI13: 0 | AJ13: 0 | AK13: 0 | AL13: 0 | AM13: 0 | AN13: 0 | AO13: 0 | AP13: 0 | AQ13: 0 | AR13: 0 | AS13: 0 | AT13: 0 | AU13: 0 | AV13: 0 | AW13: 0 | AX13: 0 | AY13: 0 | AZ13: 0 | BA13: 0 | BB13: 0 | BC13: 0 | BD13: 0 | BE13: 0 | BF13: 0 | BG13: 0 | BH13: 0 | BI13: 0 | BJ13: 0 | BL13: =SUM(F13,K13,P13,U13,Z13,AE13,AJ13,AO13,AT13,AY13,BD13,BI13) -> 282744.95 | BM13: =SUM(G13,L13,Q13,V13,AA13,AF13,AK13,AP13,AU13,AZ13,BE13,BJ13) -> 45963.747
A14: 50.042 | B14: TINTA ORGANIC MAGENTA (VERMELHO) 3719 | C14: 0 | D14: 0 | E14: 0 | F14: 0 | G14: 0 | H14: 2000 | I14: 49.401167 | J14: 8.030781 | K14: 98802.334 | L14: 16061.562 | M14: 0 | N14: 0 | O14: 0 | P14: 0 | Q14: 0 | R14: 0 | S14: 0 | T14: 0 | U14: 0 | V14: 0 | W14: 0 | X14: 0 | Y14: 0 | Z14: 0 | AA14: 0 | AB14: 0 | AC14: 0 | AD14: 0 | AE14: 0 | AF14: 0 | AG14: 0 | AH14: 0 | AI14: 0 | AJ14: 0 | AK14: 0 | AL14: 0 | AM14: 0 | AN14: 0 | AO14: 0 | AP14: 0 | AQ14: 0 | AR14: 0 | AS14: 0 | AT14: 0 | AU14: 0 | AV14: 0 | AW14: 0 | AX14: 0 | AY14: 0 | AZ14: 0 | BA14: 0 | BB14: 0 | BC14: 0 | BD14: 0 | BE14: 0 | BF14: 0 | BG14: 0 | BH14: 0 | BI14: 0 | BJ14: 0 | BL14: =SUM(F14,K14,P14,U14,Z14,AE14,AJ14,AO14,AT14,AY14,BD14,BI14) -> 98802.334 | BM14: =SUM(G14,L14,Q14,V14,AA14,AF14,AK14,AP14,AU14,AZ14,BE14,BJ14) -> 16061.562
A15: 50.046 | B15: TINTA ORGANIC CYAN (AZUL) 3679 | C15: 0 | D15: 0 | E15: 0 | F15: 0 | G15: 0 | H15: 1000 | I15: 43.706983 | J15: 7.1051198 | K15: 43706.983 | L15: 7105.1198 | M15: 0 | N15: 0 | O15: 0 | P15: 0 | Q15: 0 | R15: 0 | S15: 0 | T15: 0 | U15: 0 | V15: 0 | W15: 0 | X15: 0 | Y15: 0 | Z15: 0 | AA15: 0 | AB15: 0 | AC15: 0 | AD15: 0 | AE15: 0 | AF15: 0 | AG15: 0 | AH15: 0 | AI15: 0 | AJ15: 0 | AK15: 0 | AL15: 0 | AM15: 0 | AN15: 0 | AO15: 0 | AP15: 0 | AQ15: 0 | AR15: 0 | AS15: 0 | AT15: 0 | AU15: 0 | AV15: 0 | AW15: 0 | AX15: 0 | AY15: 0 | AZ15: 0 | BA15: 0 | BB15: 0 | BC15: 0 | BD15: 0 | BE15: 0 | BF15: 0 | BG15: 0 | BH15: 0 | BI15: 0 | BJ15: 0 | BL15: =SUM(F15,K15,P15,U15,Z15,AE15,AJ15,AO15,AT15,AY15,BD15,BI15) -> 43706.983 | BM15: =SUM(G15,L15,Q15,V15,AA15,AF15,AK15,AP15,AU15,AZ15,BE15,BJ15) -> 7105.1198
A16: 50.055 | B16: TINTA ORGANIC BLACK (PRETO) 3318 LC | C16: 0 | D16: 0 | E16: 0 | F16: 0 | G16: 0 | H16: 3080 | I16: 26.426462 | J16: 4.2959538 | K16: 81393.503 | L16: 13231.538 | M16: 0 | N16: 0 | O16: 0 | P16: 0 | Q16: 0 | R16: 0 | S16: 0 | T16: 0 | U16: 0 | V16: 0 | W16: 0 | X16: 0 | Y16: 0 | Z16: 0 | AA16: 0 | AB16: 0 | AC16: 0 | AD16: 0 | AE16: 0 | AF16: 0 | AG16: 0 | AH16: 0 | AI16: 0 | AJ16: 0 | AK16: 0 | AL16: 0 | AM16: 0 | AN16: 0 | AO16: 0 | AP16: 0 | AQ16: 0 | AR16: 0 | AS16: 0 | AT16: 0 | AU16: 0 | AV16: 0 | AW16: 0 | AX16: 0 | AY16: 0 | AZ16: 0 | BA16: 0 | BB16: 0 | BC16: 0 | BD16: 0 | BE16: 0 | BF16: 0 | BG16: 0 | BH16: 0 | BI16: 0 | BJ16: 0 | BL16: =SUM(F16,K16,P16,U16,Z16,AE16,AJ16,AO16,AT16,AY16,BD16,BI16) -> 81393.503 | BM16: =SUM(G16,L16,Q16,V16,AA16,AF16,AK16,AP16,AU16,AZ16,BE16,BJ16) -> 13231.538
A17: 50.065 | B17: TINTA INK ORR ORGANIC RED (VERMELHO) 3254 | C17: 0 | D17: 0 | E17: 0 | F17: 0 | G17: 0 | H17: 2133 | I17: 42.726665 | J17: 6.9457568 | K17: 91135.976 | L17: 14815.299 | M17: 0 | N17: 0 | O17: 0 | P17: 0 | Q17: 0 | R17: 0 | S17: 0 | T17: 0 | U17: 0 | V17: 0 | W17: 0 | X17: 0 | Y17: 0 | Z17: 0 | AA17: 0 | AB17: 0 | AC17: 0 | AD17: 0 | AE17: 0 | AF17: 0 | AG17: 0 | AH17: 0 | AI17: 0 | AJ17: 0 | AK17: 0 | AL17: 0 | AM17: 0 | AN17: 0 | AO17: 0 | AP17: 0 | AQ17: 0 | AR17: 0 | AS17: 0 | AT17: 0 | AU17: 0 | AV17: 0 | AW17: 0 | AX17: 0 | AY17: 0 | AZ17: 0 | BA17: 0 | BB17: 0 | BC17: 0 | BD17: 0 | BE17: 0 | BF17: 0 | BG17: 0 | BH17: 0 | BI17: 0 | BJ17: 0 | BL17: =SUM(F17,K17,P17,U17,Z17,AE17,AJ17,AO17,AT17,AY17,BD17,BI17) -> 91135.976 | BM17: =SUM(G17,L17,Q17,V17,AA17,AF17,AK17,AP17,AU17,AZ17,BE17,BJ17) -> 14815.299
A18: 50.072 | B18: TINTA ORGANIC WHITE (BRANCO) 3200 | C18: 24067 | D18: 28.349291 | E18: 4.5168922 | F18: 682282.39 | G18: 108708.05 | H18: 41376 | I18: 28.173236 | J18: 4.5799139 | K18: 1165695.8 | L18: 189498.52 | M18: 0 | N18: 0 | O18: 0 | P18: 0 | Q18: 0 | R18: 0 | S18: 0 | T18: 0 | U18: 0 | V18: 0 | W18: 0 | X18: 0 | Y18: 0 | Z18: 0 | AA18: 0 | AB18: 0 | AC18: 0 | AD18: 0 | AE18: 0 | AF18: 0 | AG18: 0 | AH18: 0 | AI18: 0 | AJ18: 0 | AK18: 0 | AL18: 0 | AM18: 0 | AN18: 0 | AO18: 0 | AP18: 0 | AQ18: 0 | AR18: 0 | AS18: 0 | AT18: 0 | AU18: 0 | AV18: 0 | AW18: 0 | AX18: 0 | AY18: 0 | AZ18: 0 | BA18: 0 | BB18: 0 | BC18: 0 | BD18: 0 | BE18: 0 | BF18: 0 | BG18: 0 | BH18: 0 | BI18: 0 | BJ18: 0 | BL18: =SUM(F18,K18,P18,U18,Z18,AE18,AJ18,AO18,AT18,AY18,BD18,BI18) -> 1847978.2 | BM18: =SUM(G18,L18,Q18,V18,AA18,AF18,AK18,AP18,AU18,AZ18,BE18,BJ18) -> 298206.56
A19: 50.094 | B19: EXTENDER 5800 CONCENTRADO | C19: 0 | D19: 0 | E19: 0 | F19: 0 | G19: 0 | H19: 8114 | I19: 15.784607 | J19: 2.5659864 | K19: 128076.3 | L19: 20820.414 | M19: 0 | N19: 0 | O19: 0 | P19: 0 | Q19: 0 | R19: 0 | S19: 0 | T19: 0 | U19: 0 | V19: 0 | W19: 0 | X19: 0 | Y19: 0 | Z19: 0 | AA19: 0 | AB19: 0 | AC19: 0 | AD19: 0 | AE19: 0 | AF19: 0 | AG19: 0 | AH19: 0 | AI19: 0 | AJ19: 0 | AK19: 0 | AL19: 0 | AM19: 0 | AN19: 0 | AO19: 0 | AP19: 0 | AQ19: 0 | AR19: 0 | AS19: 0 | AT19: 0 | AU19: 0 | AV19: 0 | AW19: 0 | AX19: 0 | AY19: 0 | AZ19: 0 | BA19: 0 | BB19: 0 | BC19: 0 | BD19: 0 | BE19: 0 | BF19: 0 | BG19: 0 | BH19: 0 | BI19: 0 | BJ19: 0 | BL19: =SUM(F19,K19,P19,U19,Z19,AE19,AJ19,AO19,AT19,AY19,BD19,BI19) -> 128076.3 | BM19: =SUM(G19,L19,Q19,V19,AA19,AF19,AK19,AP19,AU19,AZ19,BE19,BJ19) -> 20820.414
A20: 50.102 | B20: CONC. EXTENDER SYNTHETIC 3883 A | C20: 0 | D20: 0 | E20: 0 | F20: 0 | G20: 0 | H20: 5979 | I20: 53.563284 | J20: 8.7073855 | K20: 320254.88 | L20: 52061.458 | M20: 0 | N20: 0 | O20: 0 | P20: 0 | Q20: 0 | R20: 0 | S20: 0 | T20: 0 | U20: 0 | V20: 0 | W20: 0 | X20: 0 | Y20: 0 | Z20: 0 | AA20: 0 | AB20: 0 | AC20: 0 | AD20: 0 | AE20: 0 | AF20: 0 | AG20: 0 | AH20: 0 | AI20: 0 | AJ20: 0 | AK20: 0 | AL20: 0 | AM20: 0 | AN20: 0 | AO20: 0 | AP20: 0 | AQ20: 0 | AR20: 0 | AS20: 0 | AT20: 0 | AU20: 0 | AV20: 0 | AW20: 0 | AX20: 0 | AY20: 0 | AZ20: 0 | BA20: 0 | BB20: 0 | BC20: 0 | BD20: 0 | BE20: 0 | BF20: 0 | BG20: 0 | BH20: 0 | BI20: 0 | BJ20: 0 | BL20: =SUM(F20,K20,P20,U20,Z20,AE20,AJ20,AO20,AT20,AY20,BD20,BI20) -> 320254.88 | BM20: =SUM(G20,L20,Q20,V20,AA20,AF20,AK20,AP20,AU20,AZ20,BE20,BJ20) -> 52061.458
... A23: 73.335 | B23: PAPEL FOTOGRAFICO MATE PAPER 4905 180MY 152,4CMX30M | C23: 0 | D23: 0 | E23: 0 | F23: 0 | G23: 0 | H23: 6 | I23: 1437.2483 | J23: 233.64279 | K23: 8623.49 | L23: 1401.8568 | M23: 0 | N23: 0 | O23: 0 | P23: 0 | Q23: 0 | R23: 0 | S23: 0 | T23: 0 | U23: 0 | V23: 0 | W23: 0 | X23: 0 | Y23: 0 | Z23: 0 | AA23: 0 | AB23: 0 | AC23: 0 | AD23: 0 | AE23: 0 | AF23: 0 | AG23: 0 | AH23: 0 | AI23: 0 | AJ23: 0 | AK23: 0 | AL23: 0 | AM23: 0 | AN23: 0 | AO23: 0 | AP23: 0 | AQ23: 0 | AR23: 0 | AS23: 0 | AT23: 0 | AU23: 0 | AV23: 0 | AW23: 0 | AX23: 0 | AY23: 0 | AZ23: 0 | BA23: 0 | BB23: 0 | BC23: 0 | BD23: 0 | BE23: 0 | BF23: 0 | BG23: 0 | BH23: 0 | BI23: 0 | BJ23: 0 | BL23: =SUM(F23,K23,P23,U23,Z23,AE23,AJ23,AO23,AT23,AY23,BD23,BI23) -> 8623.49 | BM23: =SUM(G23,L23,Q23,V23,AA23,AF23,AK23,AP23,AU23,AZ23,BE23,BJ23) -> 1401.8568

Sheet MUNKSJO DET
A5: MUNKSJÖ PAPER S/A | C5: JANUARY | G5: 6.2763 | H5: FEBRUARY | L5: 6.1515 | M5: MARCH | Q5: 0 | R5: APRIL | V5: 0 | W5: MAY | AA5: 0 | AB5: JUNE | AF5: 0 | AG5: JULY | AK5: 0 | AL5: AUGUST | AP5: 0 | AQ5: SEPTEMBER | AU5: 0 | AV5: OCTOBER | AZ5: 0 | BA5: NOVEMBER | BE5: 0 | BF5: DECEMBER | BJ5: 0 | BK5: TOTAL
C7: Quantity | D7: Price | F7: Total | H7: Quantity | I7: Price | K7: Total | M7: Quantity | N7: Price | P7: Total | R7: Quantity | S7: Price | U7: Total | W7: Quantity | X7: Price | Z7: Total | AB7: Quantity | AC7: Price | AE7: Total | AG7: Quantity | AH7: Price | AJ7: Total | AL7: Quantity | AM7: Price | AO7: Total | AQ7: Quantity | AR7: Price | AT7: Total | AV7: Quantity | AW7: Price | AY7: Total | BA7: Quantity | BB7: Price | BD7: Total | BF7: Quantity | BG7: Price | BI7: Total
A8: Item | B8: Paper Type | C8: Kg | D8: R$/kg | E8: EUR/kg | F8: R$ | G8: EUR | H8: Kg | I8: R$/kg | J8: EUR/kg | K8: R$ | L8: EUR | M8: Kg | N8: R$/kg | O8: EUR/kg | P8: R$ | Q8: EUR | R8: Kg | S8: R$/kg | T8: EUR/kg | U8: R$ | V8: EUR | W8: Kg | X8: R$/kg | Y8: EUR/kg | Z8: R$ | AA8: EUR | AB8: Kg | AC8: R$/kg | AD8: EUR/kg | AE8: R$ | AF8: EUR | AG8: Kg | AH8: R$/kg | AI8: EUR/kg | AJ8: R$ | AK8: EUR | AL8: Kg | AM8: R$/kg | AN8: EUR/kg | AO8: R$ | AP8: EUR | AQ8: Kg | AR8: R$/kg | AS8: EUR/kg | AT8: R$ | AU8: EUR | AV8: Kg | AW8: R$/kg | AX8: EUR/kg | AY8: R$ | AZ8: EUR | BA8: Kg | BB8: R$/kg | BC8: EUR/kg | BD8: R$ | BE8: EUR | BF8: Kg | BG8: R$/kg | BH8: EUR/kg | BI8: R$ | BJ8: EUR | BL8: R$ | BM8: EUR
A9: 10.255 | B9: MUNKSJO 9370-070 PO MFOIL WHITE 70G/M² 1880MM (FSC MC) | C9: 46994 | D9: 20.444538 | E9: 3.257428 | F9: 960770.62 | G9: 153079.57 | H9: 0 | I9: 0 | J9: 0 | K9: 0 | L9: 0 | M9: 0 | N9: 0 | O9: 0 | P9: 0 | Q9: 0 | R9: 0 | S9: 0 | T9: 0 | U9: 0 | V9: 0 | W9: 0 | X9: 0 | Y9: 0 | Z9: 0 | AA9: 0 | AB9: 0 | AC9: 0 | AD9: 0 | AE9: 0 | AF9: 0 | AG9: 0 | AH9: 0 | AI9: 0 | AJ9: 0 | AK9: 0 | AL9: 0 | AM9: 0 | AN9: 0 | AO9: 0 | AP9: 0 | AQ9: 0 | AR9: 0 | AS9: 0 | AT9: 0 | AU9: 0 | AV9: 0 | AW9: 0 | AX9: 0 | AY9: 0 | AZ9: 0 | BA9: 0 | BB9: 0 | BC9: 0 | BD9: 0 | BE9: 0 | BF9: 0 | BG9: 0 | BH9: 0 | BI9: 0 | BJ9: 0 | BL9: =SUM(F9,K9,P9,U9,Z9,AE9,AJ9,AO9,AT9,AY9,BD9,BI9) -> 960770.62 | BM9: =SUM(G9,L9,Q9,V9,AA9,AF9,AK9,AP9,AU9,AZ9,BE9,BJ9) -> 153079.57

Sheet TECHNOCELL
A5: TECHNOCELL DEKOR GMBH | C5: JANUARY | G5: 6.2763 | H5: FEBRUARY | L5: 6.1515 | M5: MARCH | Q5: 0 | R5: APRIL | V5: 0 | W5: MAY | AA5: 0 | AB5: JUNE | AF5: 0 | AG5: JULY | AK5: 0 | AL5: AUGUST | AP5: 0 | AQ5: SEPTEMBER | AU5: 0 | AV5: OCTOBER | AZ5: 0 | BA5: NOVEMBER | BE5: 0 | BF5: DECEMBER | BJ5: 0 | BK5: TOTAL
C7: Quantity | D7: Price | F7: Total | H7: Quantity | I7: Price | K7: Total | M7: Quantity | N7: Price | P7: Total | R7: Quantity | S7: Price | U7: Total | W7: Quantity | X7: Price | Z7: Total | AB7: Quantity | AC7: Price | AE7: Total | AG7: Quantity | AH7: Price | AJ7: Total | AL7: Quantity | AM7: Price | AO7: Total | AQ7: Quantity | AR7: Price | AT7: Total | AV7: Quantity | AW7: Price | AY7: Total | BA7: Quantity | BB7: Price | BD7: Total | BF7: Quantity | BG7: Price | BI7: Total
A8: Item | B8: Paper Type | C8: Kg | D8: R$/kg | E8: EUR/kg | F8: R$ | G8: EUR | H8: Kg | I8: R$/kg | J8: EUR/kg | K8: R$ | L8: EUR | M8: Kg | N8: R$/kg | O8: EUR/kg | P8: R$ | Q8: EUR | R8: Kg | S8: R$/kg | T8: EUR/kg | U8: R$ | V8: EUR | W8: Kg | X8: R$/kg | Y8: EUR/kg | Z8: R$ | AA8: EUR | AB8: Kg | AC8: R$/kg | AD8: EUR/kg | AE8: R$ | AF8: EUR | AG8: Kg | AH8: R$/kg | AI8: EUR/kg | AJ8: R$ | AK8: EUR | AL8: Kg | AM8: R$/kg | AN8: EUR/kg | AO8: R$ | AP8: EUR | AQ8: Kg | AR8: R$/kg | AS8: EUR/kg | AT8: R$ | AU8: EUR | AV8: Kg | AW8: R$/kg | AX8: EUR/kg | AY8: R$ | AZ8: EUR | BA8: Kg | BB8: R$/kg | BC8: EUR/kg | BD8: R$ | BE8: EUR | BF8: Kg | BG8: R$/kg | BH8: EUR/kg | BI8: R$ | BJ8: EUR | BL8: R$ | BM8: EUR
A9: 17.024 | B9: TECHNOCELL DEKOR MPK6656 68g/m2 1870mm 0399 | C9: 44151 | D9: 20.253419 | E9: 3.226977 | F9: 894208.7 | G9: 142474.26 | H9: 0 | I9: 0 | J9: 0 | K9: 0 | L9: 0 | M9: 0 | N9: 0 | O9: 0 | P9: 0 | Q9: 0 | R9: 0 | S9: 0 | T9: 0 | U9: 0 | V9: 0 | W9: 0 | X9: 0 | Y9: 0 | Z9: 0 | AA9: 0 | AB9: 0 | AC9: 0 | AD9: 0 | AE9: 0 | AF9: 0 | AG9: 0 | AH9: 0 | AI9: 0 | AJ9: 0 | AK9: 0 | AL9: 0 | AM9: 0 | AN9: 0 | AO9: 0 | AP9: 0 | AQ9: 0 | AR9: 0 | AS9: 0 | AT9: 0 | AU9: 0 | AV9: 0 | AW9: 0 | AX9: 0 | AY9: 0 | AZ9: 0 | BA9: 0 | BB9: 0 | BC9: 0 | BD9: 0 | BE9: 0 | BF9: 0 | BG9: 0 | BH9: 0 | BI9: 0 | BJ9: 0 | BL9: =SUM(F9,K9,P9,U9,Z9,AE9,AJ9,AO9,AT9,AY9,BD9,BI9) -> 894208.7 | BM9: =SUM(G9,L9,Q9,V9,AA9,AF9,AK9,AP9,AU9,AZ9,BE9,BJ9) -> 142474.26
A10: 17.051 | B10: TECHNOCELL DEKOR MPK6552F 71G/M2 1870MM EIR (FSC MC) | C10: 23371 | D10: 18.791924 | E10: 2.994117 | F10: 439186.06 | G10: 69975.51 | H10: 0 | I10: 0 | J10: 0 | K10: 0 | L10: 0 | M10: 0 | N10: 0 | O10: 0 | P10: 0 | Q10: 0 | R10: 0 | S10: 0 | T10: 0 | U10: 0 | V10: 0 | W10: 0 | X10: 0 | Y10: 0 | Z10: 0 | AA10: 0 | AB10: 0 | AC10: 0 | AD10: 0 | AE10: 0 | AF10: 0 | AG10: 0 | AH10: 0 | AI10: 0 | AJ10: 0 | AK10: 0 | AL10: 0 | AM10: 0 | AN10: 0 | AO10: 0 | AP10: 0 | AQ10: 0 | AR10: 0 | AS10: 0 | AT10: 0 | AU10: 0 | AV10: 0 | AW10: 0 | AX10: 0 | AY10: 0 | AZ10: 0 | BA10: 0 | BB10: 0 | BC10: 0 | BD10: 0 | BE10: 0 | BF10: 0 | BG10: 0 | BH10: 0 | BI10: 0 | BJ10: 0 | BL10: =SUM(F10,K10,P10,U10,Z10,AE10,AJ10,AO10,AT10,AY10,BD10,BI10) -> 439186.06 | BM10: =SUM(G10,L10,Q10,V10,AA10,AF10,AK10,AP10,AU10,AZ10,BE10,BJ10) -> 69975.51
A11: 17.059 | B11: TECHNOCELL BROWN MPK6287 (2795) 65g/m2 1870mm (FSC MC) | C11: 23074 | D11: 20.033065 | E11: 3.191868 | F11: 462242.94 | G11: 73649.163 | H11: 0 | I11: 0 | J11: 0 | K11: 0 | L11: 0 | M11: 0 | N11: 0 | O11: 0 | P11: 0 | Q11: 0 | R11: 0 | S11: 0 | T11: 0 | U11: 0 | V11: 0 | W11: 0 | X11: 0 | Y11: 0 | Z11: 0 | AA11: 0 | AB11: 0 | AC11: 0 | AD11: 0 | AE11: 0 | AF11: 0 | AG11: 0 | AH11: 0 | AI11: 0 | AJ11: 0 | AK11: 0 | AL11: 0 | AM11: 0 | AN11: 0 | AO11: 0 | AP11: 0 | AQ11: 0 | AR11: 0 | AS11: 0 | AT11: 0 | AU11: 0 | AV11: 0 | AW11: 0 | AX11: 0 | AY11: 0 | AZ11: 0 | BA11: 0 | BB11: 0 | BC11: 0 | BD11: 0 | BE11: 0 | BF11: 0 | BG11: 0 | BH11: 0 | BI11: 0 | BJ11: 0 | BL11: =SUM(F11,K11,P11,U11,Z11,AE11,AJ11,AO11,AT11,AY11,BD11,BI11) -> 462242.94 | BM11: =SUM(G11,L11,Q11,V11,AA11,AF11,AK11,AP11,AU11,AZ11,BE11,BJ11) -> 73649.163

Sheet KOEHLER
A5: PAPIERFABRIK AUGUST KOEHLER AG | C5: JANUARY | G5: 6.2763 | H5: FEBRUARY | L5: 6.1515 | M5: MARCH | Q5: 0 | R5: APRIL | V5: 0 | W5: MAY | AA5: 0 | AB5: JUNE | AF5: 0 | AG5: JULY | AK5: 0 | AL5: AUGUST | AP5: 0 | AQ5: SEPTEMBER | AU5: 0 | AV5: OCTOBER | AZ5: 0 | BA5: NOVEMBER | BE5: 0 | BF5: DECEMBER | BJ5: 0 | BK5: TOTAL
C7: Quantity | D7: Price | F7: Total | H7: Quantity | I7: Price | K7: Total | M7: Quantity | N7: Price | P7: Total | R7: Quantity | S7: Price | U7: Total | W7: Quantity | X7: Price | Z7: Total | AB7: Quantity | AC7: Price | AE7: Total | AG7: Quantity | AH7: Price | AJ7: Total | AL7: Quantity | AM7: Price | AO7: Total | AQ7: Quantity | AR7: Price | AT7: Total | AV7: Quantity | AW7: Price | AY7: Total | BA7: Quantity | BB7: Price | BD7: Total | BF7: Quantity | BG7: Price | BI7: Total
A8: Item | B8: Paper Type | C8: Kg | D8: R$/kg | E8: EUR/kg | F8: R$ | G8: EUR | H8: Kg | I8: R$/kg | J8: EUR/kg | K8: R$ | L8: EUR | M8: Kg | N8: R$/kg | O8: EUR/kg | P8: R$ | Q8: EUR | R8: Kg | S8: R$/kg | T8: EUR/kg | U8: R$ | V8: EUR | W8: Kg | X8: R$/kg | Y8: EUR/kg | Z8: R$ | AA8: EUR | AB8: Kg | AC8: R$/kg | AD8: EUR/kg | AE8: R$ | AF8: EUR | AG8: Kg | AH8: R$/kg | AI8: EUR/kg | AJ8: R$ | AK8: EUR | AL8: Kg | AM8: R$/kg | AN8: EUR/kg | AO8: R$ | AP8: EUR | AQ8: Kg | AR8: R$/kg | AS8: EUR/kg | AT8: R$ | AU8: EUR | AV8: Kg | AW8: R$/kg | AX8: EUR/kg | AY8: R$ | AZ8: EUR | BA8: Kg | BB8: R$/kg | BC8: EUR/kg | BD8: R$ | BE8: EUR | BF8: Kg | BG8: R$/kg | BH8: EUR/kg | BI8: R$ | BJ8: EUR | BL8: R$ | BM8: EUR
A9: 14.108 | B9: KOEHLER 8269 ECO 68G/M2 1870MM (FSC MC) | C9: 51051 | D9: 14.509955 | E9: 2.311871 | F9: 740747.71 | G9: 118023.33 | H9: 0 | I9: 0 | J9: 0 | K9: 0 | L9: 0 | M9: 0 | N9: 0 | O9: 0 | P9: 0 | Q9: 0 | R9: 0 | S9: 0 | T9: 0 | U9: 0 | V9: 0 | W9: 0 | X9: 0 | Y9: 0 | Z9: 0 | AA9: 0 | AB9: 0 | AC9: 0 | AD9: 0 | AE9: 0 | AF9: 0 | AG9: 0 | AH9: 0 | AI9: 0 | AJ9: 0 | AK9: 0 | AL9: 0 | AM9: 0 | AN9: 0 | AO9: 0 | AP9: 0 | AQ9: 0 | AR9: 0 | AS9: 0 | AT9: 0 | AU9: 0 | AV9: 0 | AW9: 0 | AX9: 0 | AY9: 0 | AZ9: 0 | BA9: 0 | BB9: 0 | BC9: 0 | BD9: 0 | BE9: 0 | BF9: 0 | BG9: 0 | BH9: 0 | BI9: 0 | BJ9: 0 | BL9: =SUM(F9,K9,P9,U9,Z9,AE9,AJ9,AO9,AT9,AY9,BD9,BI9) -> 740747.71 | BM9: =SUM(G9,L9,Q9,V9,AA9,AF9,AK9,AP9,AU9,AZ9,BE9,BJ9) -> 118023.33
A10: 14.127 | B10: KOEHLER 8292 ECO 70G/M² 1870MM LOP (FSC MC) | C10: 24960 | D10: 12.399134 | E10: 1.9755539 | F10: 309482.38 | G10: 49309.825 | H10: 0 | I10: 0 | J10: 0 | K10: 0 | L10: 0 | M10: 0 | N10: 0 | O10: 0 | P10: 0 | Q10: 0 | R10: 0 | S10: 0 | T10: 0 | U10: 0 | V10: 0 | W10: 0 | X10: 0 | Y10: 0 | Z10: 0 | AA10: 0 | AB10: 0 | AC10: 0 | AD10: 0 | AE10: 0 | AF10: 0 | AG10: 0 | AH10: 0 | AI10: 0 | AJ10: 0 | AK10: 0 | AL10: 0 | AM10: 0 | AN10: 0 | AO10: 0 | AP10: 0 | AQ10: 0 | AR10: 0 | AS10: 0 | AT10: 0 | AU10: 0 | AV10: 0 | AW10: 0 | AX10: 0 | AY10: 0 | AZ10: 0 | BA10: 0 | BB10: 0 | BC10: 0 | BD10: 0 | BE10: 0 | BF10: 0 | BG10: 0 | BH10: 0 | BI10: 0 | BJ10: 0 | BL10: =SUM(F10,K10,P10,U10,Z10,AE10,AJ10,AO10,AT10,AY10,BD10,BI10) -> 309482.38 | BM10: =SUM(G10,L10,Q10,V10,AA10,AF10,AK10,AP10,AU10,AZ10,BE10,BJ10) -> 49309.825

Sheet MUNKSJO SPA
A5: MUNKSJÖ PAPER S/A | C5: JANUARY | G5: 6.2763 | H5: FEBRUARY | L5: 6.1515 | M5: MARCH | Q5: 0 | R5: APRIL | V5: 0 | W5: MAY | AA5: 0 | AB5: JUNE | AF5: 0 | AG5: JULY | AK5: 0 | AL5: AUGUST | AP5: 0 | AQ5: SEPTEMBER | AU5: 0 | AV5: OCTOBER | AZ5: 0 | BA5: NOVEMBER | BE5: 0 | BF5: DECEMBER | BJ5: 0 | BK5: TOTAL
C7: Quantity | D7: Price | F7: Total | H7: Quantity | I7: Price | K7: Total | M7: Quantity | N7: Price | P7: Total | R7: Quantity | S7: Price | U7: Total | W7: Quantity | X7: Price | Z7: Total | AB7: Quantity | AC7: Price | AE7: Total | AG7: Quantity | AH7: Price | AJ7: Total | AL7: Quantity | AM7: Price | AO7: Total | AQ7: Quantity | AR7: Price | AT7: Total | AV7: Quantity | AW7: Price | AY7: Total | BA7: Quantity | BB7: Price | BD7: Total | BF7: Quantity | BG7: Price | BI7: Total
A8: Item | B8: Paper Type | C8: Kg | D8: R$/kg | E8: EUR/kg | F8: R$ | G8: EUR | H8: Kg | I8: R$/kg | J8: EUR/kg | K8: R$ | L8: EUR | M8: Kg | N8: R$/kg | O8: EUR/kg | P8: R$ | Q8: EUR | R8: Kg | S8: R$/kg | T8: EUR/kg | U8: R$ | V8: EUR | W8: Kg | X8: R$/kg | Y8: EUR/kg | Z8: R$ | AA8: EUR | AB8: Kg | AC8: R$/kg | AD8: EUR/kg | AE8: R$ | AF8: EUR | AG8: Kg | AH8: R$/kg | AI8: EUR/kg | AJ8: R$ | AK8: EUR | AL8: Kg | AM8: R$/kg | AN8: EUR/kg | AO8: R$ | AP8: EUR | AQ8: Kg | AR8: R$/kg | AS8: EUR/kg | AT8: R$ | AU8: EUR | AV8: Kg | AW8: R$/kg | AX8: EUR/kg | AY8: R$ | AZ8: EUR | BA8: Kg | BB8: R$/kg | BC8: EUR/kg | BD8: R$ | BE8: EUR | BF8: Kg | BG8: R$/kg | BH8: EUR/kg | BI8: R$ | BJ8: EUR | BL8: R$ | BM8: EUR
A9: 17.425 | B9: MUNKSJÖ 1410 ECO BROWN 68G/M2 1860MM (FSC MC) | C9: 24709 | D9: 13.297213 | E9: 2.1186448 | F9: 328560.84 | G9: 52349.594 | H9: 0 | I9: 0 | J9: 0 | K9: 0 | L9: 0 | M9: 0 | N9: 0 | O9: 0 | P9: 0 | Q9: 0 | R9: 0 | S9: 0 | T9: 0 | U9: 0 | V9: 0 | W9: 0 | X9: 0 | Y9: 0 | Z9: 0 | AA9: 0 | AB9: 0 | AC9: 0 | AD9: 0 | AE9: 0 | AF9: 0 | AG9: 0 | AH9: 0 | AI9: 0 | AJ9: 0 | AK9: 0 | AL9: 0 | AM9: 0 | AN9: 0 | AO9: 0 | AP9: 0 | AQ9: 0 | AR9: 0 | AS9: 0 | AT9: 0 | AU9: 0 | AV9: 0 | AW9: 0 | AX9: 0 | AY9: 0 | AZ9: 0 | BA9: 0 | BB9: 0 | BC9: 0 | BD9: 0 | BE9: 0 | BF9: 0 | BG9: 0 | BH9: 0 | BI9: 0 | BJ9: 0 | BL9: =SUM(F9,K9,P9,U9,Z9,AE9,AJ9,AO9,AT9,AY9,BD9,BI9) -> 328560.84 | BM9: =SUM(G9,L9,Q9,V9,AA9,AF9,AK9,AP9,AU9,AZ9,BE9,BJ9) -> 52349.594

Sheet CAIEIRAS
A5: CAIEIRAS INDUSTRIA E COMERCIO DE PAPEIS ESPECIAIS LTDA | C5: JANUARY | G5: 6.2763 | H5: FEBRUARY | L5: 6.1515 | M5: MARCH | Q5: 0 | R5: APRIL | V5: 0 | W5: MAY | AA5: 0 | AB5: JUNE | AF5: 0 | AG5: JULY | AK5: 0 | AL5: AUGUST | AP5: 0 | AQ5: SEPTEMBER | AU5: 0 | AV5: OCTOBER | AZ5: 0 | BA5: NOVEMBER | BE5: 0 | BF5: DECEMBER | BJ5: 0 | BK5: TOTAL
C7: Quantity | D7: Price | F7: Total | H7: Quantity | I7: Price | K7: Total | M7: Quantity | N7: Price | P7: Total | R7: Quantity | S7: Price | U7: Total | W7: Quantity | X7: Price | Z7: Total | AB7: Quantity | AC7: Price | AE7: Total | AG7: Quantity | AH7: Price | AJ7: Total | AL7: Quantity | AM7: Price | AO7: Total | AQ7: Quantity | AR7: Price | AT7: Total | AV7: Quantity | AW7: Price | AY7: Total | BA7: Quantity | BB7: Price | BD7: Total | BF7: Quantity | BG7: Price | BI7: Total
A8: Item | B8: Paper Type | C8: Kg | D8: R$/kg | E8: EUR/kg | F8: R$ | G8: EUR | H8: Kg | I8: R$/kg | J8: EUR/kg | K8: R$ | L8: EUR | M8: Kg | N8: R$/kg | O8: EUR/kg | P8: R$ | Q8: EUR | R8: Kg | S8: R$/kg | T8: EUR/kg | U8: R$ | V8: EUR | W8: Kg | X8: R$/kg | Y8: EUR/kg | Z8: R$ | AA8: EUR | AB8: Kg | AC8: R$/kg | AD8: EUR/kg | AE8: R$ | AF8: EUR | AG8: Kg | AH8: R$/kg | AI8: EUR/kg | AJ8: R$ | AK8: EUR | AL8: Kg | AM8: R$/kg | AN8: EUR/kg | AO8: R$ | AP8: EUR | AQ8: Kg | AR8: R$/kg | AS8: EUR/kg | AT8: R$ | AU8: EUR | AV8: Kg | AW8: R$/kg | AX8: EUR/kg | AY8: R$ | AZ8: EUR | BA8: Kg | BB8: R$/kg | BC8: EUR/kg | BD8: R$ | BE8: EUR | BF8: Kg | BG8: R$/kg | BH8: EUR/kg | BI8: R$ | BJ8: EUR | BL8: R$ | BM8: EUR
A9: 15.432 | B9: DEKORPRINT BEIGE 752 68G/M2 1870MM TYPE2638 (FSC MC) | C9: 25502 | D9: 17.509917 | E9: 2.7898549 | F9: 446537.9 | G9: 71146.879 | H9: 0 | I9: 0 | J9: 0 | K9: 0 | L9: 0 | M9: 0 | N9: 0 | O9: 0 | P9: 0 | Q9: 0 | R9: 0 | S9: 0 | T9: 0 | U9: 0 | V9: 0 | W9: 0 | X9: 0 | Y9: 0 | Z9: 0 | AA9: 0 | AB9: 0 | AC9: 0 | AD9: 0 | AE9: 0 | AF9: 0 | AG9: 0 | AH9: 0 | AI9: 0 | AJ9: 0 | AK9: 0 | AL9: 0 | AM9: 0 | AN9: 0 | AO9: 0 | AP9: 0 | AQ9: 0 | AR9: 0 | AS9: 0 | AT9: 0 | AU9: 0 | AV9: 0 | AW9: 0 | AX9: 0 | AY9: 0 | AZ9: 0 | BA9: 0 | BB9: 0 | BC9: 0 | BD9: 0 | BE9: 0 | BF9: 0 | BG9: 0 | BH9: 0 | BI9: 0 | BJ9: 0 | BL9: =SUM(F9,K9,P9,U9,Z9,AE9,AJ9,AO9,AT9,AY9,BD9,BI9) -> 446537.9 | BM9: =SUM(G9,L9,Q9,V9,AA9,AF9,AK9,AP9,AU9,AZ9,BE9,BJ9) -> 71146.879
A10: 16.004 | B10: DEKORPEL BEIGE 9080 80G/M2 1855MM (FSC MC) | C10: 4352 | D10: 18.358611 | E10: 2.9250773 | F10: 79896.675 | G10: 12729.936 | H10: 0 | I10: 0 | J10: 0 | K10: 0 | L10: 0 | M10: 0 | N10: 0 | O10: 0 | P10: 0 | Q10: 0 | R10: 0 | S10: 0 | T10: 0 | U10: 0 | V10: 0 | W10: 0 | X10: 0 | Y10: 0 | Z10: 0 | AA10: 0 | AB10: 0 | AC10: 0 | AD10: 0 | AE10: 0 | AF10: 0 | AG10: 0 | AH10: 0 | AI10: 0 | AJ10: 0 | AK10: 0 | AL10: 0 | AM10: 0 | AN10: 0 | AO10: 0 | AP10: 0 | AQ10: 0 | AR10: 0 | AS10: 0 | AT10: 0 | AU10: 0 | AV10: 0 | AW10: 0 | AX10: 0 | AY10: 0 | AZ10: 0 | BA10: 0 | BB10: 0 | BC10: 0 | BD10: 0 | BE10: 0 | BF10: 0 | BG10: 0 | BH10: 0 | BI10: 0 | BJ10: 0 | BL10: =SUM(F10,K10,P10,U10,Z10,AE10,AJ10,AO10,AT10,AY10,BD10,BI10) -> 79896.675 | BM10: =SUM(G10,L10,Q10,V10,AA10,AF10,AK10,AP10,AU10,AZ10,BE10,BJ10) -> 12729.936
A11: 16.064 | B11: DEKORPRINT WHITE 990 70G/M2 1870MM (FSC MC) | C11: 0 | D11: 0 | E11: 0 | F11: 0 | G11: 0 | H11: 63281 | I11: 14.109732 | J11: 2.2937144 | K11: 892877.95 | L11: 145148.54 | M11: 0 | N11: 0 | O11: 0 | P11: 0 | Q11: 0 | R11: 0 | S11: 0 | T11: 0 | U11: 0 | V11: 0 | W11: 0 | X11: 0 | Y11: 0 | Z11: 0 | AA11: 0 | AB11: 0 | AC11: 0 | AD11: 0 | AE11: 0 | AF11: 0 | AG11: 0 | AH11: 0 | AI11: 0 | AJ11: 0 | AK11: 0 | AL11: 0 | AM11: 0 | AN11: 0 | AO11: 0 | AP11: 0 | AQ11: 0 | AR11: 0 | AS11: 0 | AT11: 0 | AU11: 0 | AV11: 0 | AW11: 0 | AX11: 0 | AY11: 0 | AZ11: 0 | BA11: 0 | BB11: 0 | BC11: 0 | BD11: 0 | BE11: 0 | BF11: 0 | BG11: 0 | BH11: 0 | BI11: 0 | BJ11: 0 | BL11: =SUM(F11,K11,P11,U11,Z11,AE11,AJ11,AO11,AT11,AY11,BD11,BI11) -> 892877.95 | BM11: =SUM(G11,L11,Q11,V11,AA11,AF11,AK11,AP11,AU11,AZ11,BE11,BJ11) -> 145148.54
A12: 16.068 | B12: DEKORPEL WHITE 963 78G/M2 1855MM (FSC MC) | C12: 47661 | D12: 14.004961 | E12: 2.2314103 | F12: 667490.45 | G12: 106351.25 | H12: 88689 | I12: 14.098053 | J12: 2.2918158 | K12: 1250342.2 | L12: 203258.85 | M12: 0 | N12: 0 | O12: 0 | P12: 0 | Q12: 0 | R12: 0 | S12: 0 | T12: 0 | U12: 0 | V12: 0 | W12: 0 | X12: 0 | Y12: 0 | Z12: 0 | AA12: 0 | AB12: 0 | AC12: 0 | AD12: 0 | AE12: 0 | AF12: 0 | AG12: 0 | AH12: 0 | AI12: 0 | AJ12: 0 | AK12: 0 | AL12: 0 | AM12: 0 | AN12: 0 | AO12: 0 | AP12: 0 | AQ12: 0 | AR12: 0 | AS12: 0 | AT12: 0 | AU12: 0 | AV12: 0 | AW12: 0 | AX12: 0 | AY12: 0 | AZ12: 0 | BA12: 0 | BB12: 0 | BC12: 0 | BD12: 0 | BE12: 0 | BF12: 0 | BG12: 0 | BH12: 0 | BI12: 0 | BJ12: 0 | BL12: =SUM(F12,K12,P12,U12,Z12,AE12,AJ12,AO12,AT12,AY12,BD12,BI12) -> 1917832.7 | BM12: =SUM(G12,L12,Q12,V12,AA12,AF12,AK12,AP12,AU12,AZ12,BE12,BJ12) -> 309610.1

Sheet VERDE FORTE
A5: VERDE FORTE PAPEIS SA | C5: JANUARY | G5: 6.2763 | H5: FEBRUARY | L5: 6.1515 | M5: MARCH | Q5: 0 | R5: APRIL | V5: 0 | W5: MAY | AA5: 0 | AB5: JUNE | AF5: 0 | AG5: JULY | AK5: 0 | AL5: AUGUST | AP5: 0 | AQ5: SEPTEMBER | AU5: 0 | AV5: OCTOBER | AZ5: 0 | BA5: NOVEMBER | BE5: 0 | BF5: DECEMBER | BJ5: 0 | BK5: TOTAL
C7: Quantity | D7: Price | F7: Total | H7: Quantity | I7: Price | K7: Total | M7: Quantity | N7: Price | P7: Total | R7: Quantity | S7: Price | U7: Total | W7: Quantity | X7: Price | Z7: Total | AB7: Quantity | AC7: Price | AE7: Total | AG7: Quantity | AH7: Price | AJ7: Total | AL7: Quantity | AM7: Price | AO7: Total | AQ7: Quantity | AR7: Price | AT7: Total | AV7: Quantity | AW7: Price | AY7: Total | BA7: Quantity | BB7: Price | BD7: Total | BF7: Quantity | BG7: Price | BI7: Total
A8: Item | B8: Paper Type | C8: Kg | D8: R$/kg | E8: EUR/kg | F8: R$ | G8: EUR | H8: Kg | I8: R$/kg | J8: EUR/kg | K8: R$ | L8: EUR | M8: Kg | N8: R$/kg | O8: EUR/kg | P8: R$ | Q8: EUR | R8: Kg | S8: R$/kg | T8: EUR/kg | U8: R$ | V8: EUR | W8: Kg | X8: R$/kg | Y8: EUR/kg | Z8: R$ | AA8: EUR | AB8: Kg | AC8: R$/kg | AD8: EUR/kg | AE8: R$ | AF8: EUR | AG8: Kg | AH8: R$/kg | AI8: EUR/kg | AJ8: R$ | AK8: EUR | AL8: Kg | AM8: R$/kg | AN8: EUR/kg | AO8: R$ | AP8: EUR | AQ8: Kg | AR8: R$/kg | AS8: EUR/kg | AT8: R$ | AU8: EUR | AV8: Kg | AW8: R$/kg | AX8: EUR/kg | AY8: R$ | AZ8: EUR | BA8: Kg | BB8: R$/kg | BC8: EUR/kg | BD8: R$ | BE8: EUR | BF8: Kg | BG8: R$/kg | BH8: EUR/kg | BI8: R$ | BJ8: EUR | BL8: R$ | BM8: EUR
A9: 10.801 | B9: MVP FINISH FOIL BRANCO 40 G/M² 1900MM (FSC MC) | C9: 30236 | D9: 13.899908 | E9: 2.2146722 | F9: 420277.62 | G9: 66962.828 | H9: 15029 | I9: 14.103635 | J9: 2.2927233 | K9: 211963.53 | L9: 34457.338 | M9: 0 | N9: 0 | O9: 0 | P9: 0 | Q9: 0 | R9: 0 | S9: 0 | T9: 0 | U9: 0 | V9: 0 | W9: 0 | X9: 0 | Y9: 0 | Z9: 0 | AA9: 0 | AB9: 0 | AC9: 0 | AD9: 0 | AE9: 0 | AF9: 0 | AG9: 0 | AH9: 0 | AI9: 0 | AJ9: 0 | AK9: 0 | AL9: 0 | AM9: 0 | AN9: 0 | AO9: 0 | AP9: 0 | AQ9: 0 | AR9: 0 | AS9: 0 | AT9: 0 | AU9: 0 | AV9: 0 | AW9: 0 | AX9: 0 | AY9: 0 | AZ9: 0 | BA9: 0 | BB9: 0 | BC9: 0 | BD9: 0 | BE9: 0 | BF9: 0 | BG9: 0 | BH9: 0 | BI9: 0 | BJ9: 0 | BL9: =SUM(F9,K9,P9,U9,Z9,AE9,AJ9,AO9,AT9,AY9,BD9,BI9) -> 632241.15 | BM9: =SUM(G9,L9,Q9,V9,AA9,AF9,AK9,AP9,AU9,AZ9,BE9,BJ9) -> 101420.17
A10: 10.805 | B10: MVP FINISH FOIL PARDO 40 G/M² 1900MM (FSC MC) | C10: 14324 | D10: 12.363746 | E10: 1.9699155 | F10: 177098.3 | G10: 28217.07 | H10: 30382 | I10: 12.468439 | J10: 2.0269016 | K10: 378816.11 | L10: 61581.324 | M10: 0 | N10: 0 | O10: 0 | P10: 0 | Q10: 0 | R10: 0 | S10: 0 | T10: 0 | U10: 0 | V10: 0 | W10: 0 | X10: 0 | Y10: 0 | Z10: 0 | AA10: 0 | AB10: 0 | AC10: 0 | AD10: 0 | AE10: 0 | AF10: 0 | AG10: 0 | AH10: 0 | AI10: 0 | AJ10: 0 | AK10: 0 | AL10: 0 | AM10: 0 | AN10: 0 | AO10: 0 | AP10: 0 | AQ10: 0 | AR10: 0 | AS10: 0 | AT10: 0 | AU10: 0 | AV10: 0 | AW10: 0 | AX10: 0 | AY10: 0 | AZ10: 0 | BA10: 0 | BB10: 0 | BC10: 0 | BD10: 0 | BE10: 0 | BF10: 0 | BG10: 0 | BH10: 0 | BI10: 0 | BJ10: 0 | BL10: =SUM(F10,K10,P10,U10,Z10,AE10,AJ10,AO10,AT10,AY10,BD10,BI10) -> 555914.41 | BM10: =SUM(G10,L10,Q10,V10,AA10,AF10,AK10,AP10,AU10,AZ10,BE10,BJ10) -> 89798.394
A11: 10.860 | B11: MVP FFOIL BRANCO SUPER OPACIDADE 40 G/M2 1900MM (FSC MC) | C11: 26786 | D11: 18.913534 | E11: 3.0134932 | F11: 506617.92 | G11: 80719.428 | H11: 0 | I11: 0 | J11: 0 | K11: 0 | L11: 0 | M11: 0 | N11: 0 | O11: 0 | P11: 0 | Q11: 0 | R11: 0 | S11: 0 | T11: 0 | U11: 0 | V11: 0 | W11: 0 | X11: 0 | Y11: 0 | Z11: 0 | AA11: 0 | AB11: 0 | AC11: 0 | AD11: 0 | AE11: 0 | AF11: 0 | AG11: 0 | AH11: 0 | AI11: 0 | AJ11: 0 | AK11: 0 | AL11: 0 | AM11: 0 | AN11: 0 | AO11: 0 | AP11: 0 | AQ11: 0 | AR11: 0 | AS11: 0 | AT11: 0 | AU11: 0 | AV11: 0 | AW11: 0 | AX11: 0 | AY11: 0 | AZ11: 0 | BA11: 0 | BB11: 0 | BC11: 0 | BD11: 0 | BE11: 0 | BF11: 0 | BG11: 0 | BH11: 0 | BI11: 0 | BJ11: 0 | BL11: =SUM(F11,K11,P11,U11,Z11,AE11,AJ11,AO11,AT11,AY11,BD11,BI11) -> 506617.92 | BM11: =SUM(G11,L11,Q11,V11,AA11,AF11,AK11,AP11,AU11,AZ11,BE11,BJ11) -> 80719.428
